label_name,label_value,label_name,label_value,label_name,label_value,timestamp_ms,value
__name__,go_goroutines,instance,demo.robustperception.io:9090,job,prometheus,1594895160000,58
__name__,go_goroutines,instance,demo.robustperception.io:9090,job,prometheus,1594895174000,59
__name__,go_goroutines,instance,demo.robustperception.io:9090,job,prometheus,1594895188000,59
__name__,go_goroutines,instance,demo.robustperception.io:9090,job,prometheus,1594895202000,59
__name__,go_goroutines,instance,demo.robustperception.io:9090,job,prometheus,1594895216000,62
__name__,go_goroutines,instance,demo.robustperception.io:9090,job,prometheus,1594895230000,59
__name__,go_goroutines,instance,demo.robustperception.io:9090,job,prometheus,1594895244000,60
__name__,go_goroutines,instance,demo.robustperception.io:9090,job,prometheus,1594895258000,66
__name__,go_goroutines,instance,demo.robustperception.io:9090,job,prometheus,1594895272000,66
__name__,go_goroutines,instance,demo.robustperception.io:9090,job,prometheus,1594895286000,66
__name__,go_goroutines,instance,demo.robustperception.io:9090,job,prometheus,1594895300000,66
__name__,go_goroutines,instance,demo.robustperception.io:9090,job,prometheus,1594895314000,66
__name__,go_goroutines,instance,demo.robustperception.io:9090,job,prometheus,1594895328000,66
__name__,go_goroutines,instance,demo.robustperception.io:9090,job,prometheus,1594895342000,65
__name__,go_goroutines,instance,demo.robustperception.io:9090,job,prometheus,1594895356000,65
__name__,go_goroutines,instance,demo.robustperception.io:9090,job,prometheus,1594895370000,68
__name__,go_goroutines,instance,demo.robustperception.io:9090,job,prometheus,1594895384000,68
__name__,go_goroutines,instance,demo.robustperception.io:9090,job,prometheus,1594895398000,65
__name__,go_goroutines,instance,demo.robustperception.io:9090,job,prometheus,1594895412000,68
__name__,go_goroutines,instance,demo.robustperception.io:9090,job,prometheus,1594895426000,63
__name__,go_goroutines,instance,demo.robustperception.io:9090,job,prometheus,1594895440000,63
__name__,go_goroutines,instance,demo.robustperception.io:9090,job,prometheus,1594895454000,64
__name__,go_goroutines,instance,demo.robustperception.io:9090,job,prometheus,1594895468000,63
__name__,go_goroutines,instance,demo.robustperception.io:9090,job,prometheus,1594895482000,65
__name__,go_goroutines,instance,demo.robustperception.io:9090,job,prometheus,1594895496000,65
__name__,go_goroutines,instance,demo.robustperception.io:9090,job,prometheus,1594895510000,65
__name__,go_goroutines,instance,demo.robustperception.io:9090,job,prometheus,1594895524000,66
__name__,go_goroutines,instance,demo.robustperception.io:9090,job,prometheus,1594895538000,66
__name__,go_goroutines,instance,demo.robustperception.io:9090,job,prometheus,1594895552000,60
__name__,go_goroutines,instance,demo.robustperception.io:9090,job,prometheus,1594895566000,60
__name__,go_goroutines,instance,demo.robustperception.io:9090,job,prometheus,1594895580000,60
__name__,go_goroutines,instance,demo.robustperception.io:9090,job,prometheus,1594895594000,60
__name__,go_goroutines,instance,demo.robustperception.io:9090,job,prometheus,1594895608000,60
__name__,go_goroutines,instance,demo.robustperception.io:9090,job,prometheus,1594895622000,64
__name__,go_goroutines,instance,demo.robustperception.io:9090,job,prometheus,1594895636000,60
__name__,go_goroutines,instance,demo.robustperception.io:9090,job,prometheus,1594895650000,60
__name__,go_goroutines,instance,demo.robustperception.io:9090,job,prometheus,1594895664000,61
__name__,go_goroutines,instance,demo.robustperception.io:9090,job,prometheus,1594895678000,60
__name__,go_goroutines,instance,demo.robustperception.io:9090,job,prometheus,1594895692000,60
__name__,go_goroutines,instance,demo.robustperception.io:9090,job,prometheus,1594895706000,60
__name__,go_goroutines,instance,demo.robustperception.io:9090,job,prometheus,1594895720000,59
__name__,go_goroutines,instance,demo.robustperception.io:9090,job,prometheus,1594895734000,57
__name__,go_goroutines,instance,demo.robustperception.io:9090,job,prometheus,1594895748000,57
__name__,go_goroutines,instance,demo.robustperception.io:9090,job,prometheus,1594895762000,57
__name__,go_goroutines,instance,demo.robustperception.io:9090,job,prometheus,1594895776000,61
__name__,go_goroutines,instance,demo.robustperception.io:9090,job,prometheus,1594895790000,58
__name__,go_goroutines,instance,demo.robustperception.io:9090,job,prometheus,1594895804000,57
__name__,go_goroutines,instance,demo.robustperception.io:9090,job,prometheus,1594895818000,57
__name__,go_goroutines,instance,demo.robustperception.io:9090,job,prometheus,1594895832000,57
__name__,go_goroutines,instance,demo.robustperception.io:9090,job,prometheus,1594895846000,62
__name__,go_goroutines,instance,demo.robustperception.io:9090,job,prometheus,1594895860000,59
__name__,go_goroutines,instance,demo.robustperception.io:9090,job,prometheus,1594895874000,59
__name__,go_goroutines,instance,demo.robustperception.io:9090,job,prometheus,1594895888000,59
__name__,go_goroutines,instance,demo.robustperception.io:9090,job,prometheus,1594895902000,59
__name__,go_goroutines,instance,demo.robustperception.io:9090,job,prometheus,1594895916000,59
__name__,go_goroutines,instance,demo.robustperception.io:9090,job,prometheus,1594895930000,59
__name__,go_goroutines,instance,demo.robustperception.io:9090,job,prometheus,1594895944000,59
__name__,go_goroutines,instance,demo.robustperception.io:9090,job,prometheus,1594895958000,59
__name__,go_goroutines,instance,demo.robustperception.io:9090,job,prometheus,1594895972000,59
__name__,go_goroutines,instance,demo.robustperception.io:9090,job,prometheus,1594895986000,59
__name__,go_goroutines,instance,demo.robustperception.io:9090,job,prometheus,1594896000000,59
__name__,go_goroutines,instance,demo.robustperception.io:9090,job,prometheus,1594896014000,60
__name__,go_goroutines,instance,demo.robustperception.io:9090,job,prometheus,1594896028000,60
__name__,go_goroutines,instance,demo.robustperception.io:9090,job,prometheus,1594896042000,60
__name__,go_goroutines,instance,demo.robustperception.io:9090,job,prometheus,1594896056000,60
__name__,go_goroutines,instance,demo.robustperception.io:9090,job,prometheus,1594896070000,60
__name__,go_goroutines,instance,demo.robustperception.io:9090,job,prometheus,1594896084000,60
__name__,go_goroutines,instance,demo.robustperception.io:9090,job,prometheus,1594896098000,60
__name__,go_goroutines,instance,demo.robustperception.io:9090,job,prometheus,1594896112000,60
__name__,go_goroutines,instance,demo.robustperception.io:9090,job,prometheus,1594896126000,59
__name__,go_goroutines,instance,demo.robustperception.io:9090,job,prometheus,1594896140000,59
__name__,go_goroutines,instance,demo.robustperception.io:9090,job,prometheus,1594896154000,59
__name__,go_goroutines,instance,demo.robustperception.io:9090,job,prometheus,1594896168000,59
__name__,go_goroutines,instance,demo.robustperception.io:9090,job,prometheus,1594896182000,59
__name__,go_goroutines,instance,demo.robustperception.io:9090,job,prometheus,1594896196000,59
__name__,go_goroutines,instance,demo.robustperception.io:9090,job,prometheus,1594896210000,59
__name__,go_goroutines,instance,demo.robustperception.io:9090,job,prometheus,1594896224000,59
__name__,go_goroutines,instance,demo.robustperception.io:9090,job,prometheus,1594896238000,59
__name__,go_goroutines,instance,demo.robustperception.io:9090,job,prometheus,1594896252000,59
__name__,go_goroutines,instance,demo.robustperception.io:9090,job,prometheus,1594896266000,59
__name__,go_goroutines,instance,demo.robustperception.io:9090,job,prometheus,1594896280000,59
__name__,go_goroutines,instance,demo.robustperception.io:9090,job,prometheus,1594896294000,59
__name__,go_goroutines,instance,demo.robustperception.io:9090,job,prometheus,1594896308000,59
__name__,go_goroutines,instance,demo.robustperception.io:9090,job,prometheus,1594896322000,62
__name__,go_goroutines,instance,demo.robustperception.io:9090,job,prometheus,1594896336000,59
__name__,go_goroutines,instance,demo.robustperception.io:9090,job,prometheus,1594896350000,60
__name__,go_goroutines,instance,demo.robustperception.io:9090,job,prometheus,1594896364000,60
__name__,go_goroutines,instance,demo.robustperception.io:9090,job,prometheus,1594896378000,64
__name__,go_goroutines,instance,demo.robustperception.io:9090,job,prometheus,1594896392000,61
__name__,go_goroutines,instance,demo.robustperception.io:9090,job,prometheus,1594896406000,58
__name__,go_goroutines,instance,demo.robustperception.io:9090,job,prometheus,1594896420000,60
__name__,go_goroutines,instance,demo.robustperception.io:9090,job,prometheus,1594896434000,61
__name__,go_goroutines,instance,demo.robustperception.io:9090,job,prometheus,1594896448000,61
__name__,go_goroutines,instance,demo.robustperception.io:9090,job,prometheus,1594896462000,61
__name__,go_goroutines,instance,demo.robustperception.io:9090,job,prometheus,1594896476000,61
__name__,go_goroutines,instance,demo.robustperception.io:9090,job,prometheus,1594896490000,60
__name__,go_goroutines,instance,demo.robustperception.io:9090,job,prometheus,1594896504000,60
__name__,go_goroutines,instance,demo.robustperception.io:9090,job,prometheus,1594896518000,60
__name__,go_goroutines,instance,demo.robustperception.io:9090,job,prometheus,1594896532000,60
__name__,go_goroutines,instance,demo.robustperception.io:9090,job,prometheus,1594896546000,60
__name__,go_goroutines,instance,demo.robustperception.io:9090,job,prometheus,1594896560000,60
__name__,go_goroutines,instance,demo.robustperception.io:9090,job,prometheus,1594896574000,60
__name__,go_goroutines,instance,demo.robustperception.io:9090,job,prometheus,1594896588000,63
__name__,go_goroutines,instance,demo.robustperception.io:9090,job,prometheus,1594896602000,60
__name__,go_goroutines,instance,demo.robustperception.io:9090,job,prometheus,1594896616000,60
__name__,go_goroutines,instance,demo.robustperception.io:9090,job,prometheus,1594896630000,58
__name__,go_goroutines,instance,demo.robustperception.io:9090,job,prometheus,1594896644000,58
__name__,go_goroutines,instance,demo.robustperception.io:9090,job,prometheus,1594896658000,57
__name__,go_goroutines,instance,demo.robustperception.io:9090,job,prometheus,1594896672000,57
__name__,go_goroutines,instance,demo.robustperception.io:9090,job,prometheus,1594896686000,57
__name__,go_goroutines,instance,demo.robustperception.io:9090,job,prometheus,1594896700000,57
__name__,go_goroutines,instance,demo.robustperception.io:9090,job,prometheus,1594896714000,59
__name__,go_goroutines,instance,demo.robustperception.io:9090,job,prometheus,1594896728000,59
__name__,go_goroutines,instance,demo.robustperception.io:9090,job,prometheus,1594896742000,59
__name__,go_goroutines,instance,demo.robustperception.io:9090,job,prometheus,1594896756000,62
__name__,go_goroutines,instance,demo.robustperception.io:9090,job,prometheus,1594896770000,59
__name__,go_goroutines,instance,demo.robustperception.io:9090,job,prometheus,1594896784000,59
__name__,go_goroutines,instance,demo.robustperception.io:9090,job,prometheus,1594896798000,59
__name__,go_goroutines,instance,demo.robustperception.io:9090,job,prometheus,1594896812000,59
__name__,go_goroutines,instance,demo.robustperception.io:9090,job,prometheus,1594896826000,59
__name__,go_goroutines,instance,demo.robustperception.io:9090,job,prometheus,1594896840000,59
__name__,go_goroutines,instance,demo.robustperception.io:9090,job,prometheus,1594896854000,59
__name__,go_goroutines,instance,demo.robustperception.io:9090,job,prometheus,1594896868000,59
__name__,go_goroutines,instance,demo.robustperception.io:9090,job,prometheus,1594896882000,59
__name__,go_goroutines,instance,demo.robustperception.io:9090,job,prometheus,1594896896000,59
__name__,go_goroutines,instance,demo.robustperception.io:9090,job,prometheus,1594896910000,59
__name__,go_goroutines,instance,demo.robustperception.io:9090,job,prometheus,1594896924000,57
__name__,go_goroutines,instance,demo.robustperception.io:9090,job,prometheus,1594896938000,57
__name__,go_goroutines,instance,demo.robustperception.io:9090,job,prometheus,1594896952000,57
__name__,go_goroutines,instance,demo.robustperception.io:9090,job,prometheus,1594896966000,57
__name__,go_goroutines,instance,demo.robustperception.io:9090,job,prometheus,1594896980000,57
__name__,go_goroutines,instance,demo.robustperception.io:9090,job,prometheus,1594896994000,57
__name__,go_goroutines,instance,demo.robustperception.io:9090,job,prometheus,1594897008000,60
__name__,go_goroutines,instance,demo.robustperception.io:9090,job,prometheus,1594897022000,59
__name__,go_goroutines,instance,demo.robustperception.io:9090,job,prometheus,1594897036000,59
__name__,go_goroutines,instance,demo.robustperception.io:9090,job,prometheus,1594897050000,59
__name__,go_goroutines,instance,demo.robustperception.io:9090,job,prometheus,1594897064000,59
__name__,go_goroutines,instance,demo.robustperception.io:9090,job,prometheus,1594897078000,59
__name__,go_goroutines,instance,demo.robustperception.io:9090,job,prometheus,1594897092000,59
__name__,go_goroutines,instance,demo.robustperception.io:9090,job,prometheus,1594897106000,59
__name__,go_goroutines,instance,demo.robustperception.io:9090,job,prometheus,1594897120000,59
__name__,go_goroutines,instance,demo.robustperception.io:9090,job,prometheus,1594897134000,59
__name__,go_goroutines,instance,demo.robustperception.io:9090,job,prometheus,1594897148000,59
__name__,go_goroutines,instance,demo.robustperception.io:9090,job,prometheus,1594897162000,59
__name__,go_goroutines,instance,demo.robustperception.io:9090,job,prometheus,1594897176000,63
__name__,go_goroutines,instance,demo.robustperception.io:9090,job,prometheus,1594897190000,59
__name__,go_goroutines,instance,demo.robustperception.io:9090,job,prometheus,1594897204000,59
__name__,go_goroutines,instance,demo.robustperception.io:9090,job,prometheus,1594897218000,60
__name__,go_goroutines,instance,demo.robustperception.io:9090,job,prometheus,1594897232000,57
__name__,go_goroutines,instance,demo.robustperception.io:9090,job,prometheus,1594897246000,57
__name__,go_goroutines,instance,demo.robustperception.io:9090,job,prometheus,1594897260000,57
__name__,go_goroutines,instance,demo.robustperception.io:9090,job,prometheus,1594897274000,58
__name__,go_goroutines,instance,demo.robustperception.io:9090,job,prometheus,1594897288000,57
__name__,go_goroutines,instance,demo.robustperception.io:9090,job,prometheus,1594897302000,57
__name__,go_goroutines,instance,demo.robustperception.io:9090,job,prometheus,1594897316000,57
__name__,go_goroutines,instance,demo.robustperception.io:9090,job,prometheus,1594897330000,62
__name__,go_goroutines,instance,demo.robustperception.io:9090,job,prometheus,1594897344000,59
__name__,go_goroutines,instance,demo.robustperception.io:9090,job,prometheus,1594897358000,59
__name__,go_goroutines,instance,demo.robustperception.io:9090,job,prometheus,1594897372000,59
__name__,go_goroutines,instance,demo.robustperception.io:9090,job,prometheus,1594897386000,62
__name__,go_goroutines,instance,demo.robustperception.io:9090,job,prometheus,1594897400000,59
__name__,go_goroutines,instance,demo.robustperception.io:9090,job,prometheus,1594897414000,59
__name__,go_goroutines,instance,demo.robustperception.io:9090,job,prometheus,1594897428000,59
__name__,go_goroutines,instance,demo.robustperception.io:9090,job,prometheus,1594897442000,59
__name__,go_goroutines,instance,demo.robustperception.io:9090,job,prometheus,1594897456000,59
__name__,go_goroutines,instance,demo.robustperception.io:9090,job,prometheus,1594897470000,64
__name__,go_goroutines,instance,demo.robustperception.io:9090,job,prometheus,1594897484000,61
__name__,go_goroutines,instance,demo.robustperception.io:9090,job,prometheus,1594897498000,61
__name__,go_goroutines,instance,demo.robustperception.io:9090,job,prometheus,1594897512000,59
__name__,go_goroutines,instance,demo.robustperception.io:9090,job,prometheus,1594897526000,57
__name__,go_goroutines,instance,demo.robustperception.io:9090,job,prometheus,1594897540000,57
__name__,go_goroutines,instance,demo.robustperception.io:9090,job,prometheus,1594897554000,57
__name__,go_goroutines,instance,demo.robustperception.io:9090,job,prometheus,1594897568000,60
__name__,go_goroutines,instance,demo.robustperception.io:9090,job,prometheus,1594897582000,57
__name__,go_goroutines,instance,demo.robustperception.io:9090,job,prometheus,1594897596000,57
__name__,go_goroutines,instance,demo.robustperception.io:9090,job,prometheus,1594897610000,57
__name__,go_goroutines,instance,demo.robustperception.io:9090,job,prometheus,1594897624000,57
__name__,go_goroutines,instance,demo.robustperception.io:9090,job,prometheus,1594897638000,57
__name__,go_goroutines,instance,demo.robustperception.io:9090,job,prometheus,1594897652000,59
__name__,go_goroutines,instance,demo.robustperception.io:9090,job,prometheus,1594897666000,59
__name__,go_goroutines,instance,demo.robustperception.io:9090,job,prometheus,1594897680000,59
__name__,go_goroutines,instance,demo.robustperception.io:9090,job,prometheus,1594897694000,59
__name__,go_goroutines,instance,demo.robustperception.io:9090,job,prometheus,1594897708000,59
__name__,go_goroutines,instance,demo.robustperception.io:9090,job,prometheus,1594897722000,59
__name__,go_goroutines,instance,demo.robustperception.io:9090,job,prometheus,1594897736000,59
__name__,go_goroutines,instance,demo.robustperception.io:9090,job,prometheus,1594897750000,60
__name__,go_goroutines,instance,demo.robustperception.io:9090,job,prometheus,1594897764000,59
__name__,go_goroutines,instance,demo.robustperception.io:9090,job,prometheus,1594897778000,59
__name__,go_goroutines,instance,demo.robustperception.io:9090,job,prometheus,1594897792000,62
__name__,go_goroutines,instance,demo.robustperception.io:9090,job,prometheus,1594897806000,59
__name__,go_goroutines,instance,demo.robustperception.io:9090,job,prometheus,1594897820000,62
__name__,go_goroutines,instance,demo.robustperception.io:9090,job,prometheus,1594897834000,59
__name__,go_goroutines,instance,demo.robustperception.io:9090,job,prometheus,1594897848000,59
__name__,go_goroutines,instance,demo.robustperception.io:9090,job,prometheus,1594897862000,59
__name__,go_goroutines,instance,demo.robustperception.io:9090,job,prometheus,1594897876000,59
__name__,go_goroutines,instance,demo.robustperception.io:9090,job,prometheus,1594897890000,59
__name__,go_goroutines,instance,demo.robustperception.io:9090,job,prometheus,1594897904000,59
__name__,go_goroutines,instance,demo.robustperception.io:9090,job,prometheus,1594897918000,59
__name__,go_goroutines,instance,demo.robustperception.io:9090,job,prometheus,1594897932000,60
__name__,go_goroutines,instance,demo.robustperception.io:9090,job,prometheus,1594897946000,59
__name__,go_goroutines,instance,demo.robustperception.io:9090,job,prometheus,1594897960000,62
__name__,go_goroutines,instance,demo.robustperception.io:9090,job,prometheus,1594897974000,59
__name__,go_goroutines,instance,demo.robustperception.io:9090,job,prometheus,1594897988000,59
__name__,go_goroutines,instance,demo.robustperception.io:9090,job,prometheus,1594898002000,59
__name__,go_goroutines,instance,demo.robustperception.io:9090,job,prometheus,1594898016000,59
__name__,go_goroutines,instance,demo.robustperception.io:9090,job,prometheus,1594898030000,59
__name__,go_goroutines,instance,demo.robustperception.io:9090,job,prometheus,1594898044000,63
__name__,go_goroutines,instance,demo.robustperception.io:9090,job,prometheus,1594898058000,59
__name__,go_goroutines,instance,demo.robustperception.io:9090,job,prometheus,1594898072000,59
__name__,go_goroutines,instance,demo.robustperception.io:9090,job,prometheus,1594898086000,59
__name__,go_goroutines,instance,demo.robustperception.io:9090,job,prometheus,1594898100000,59
__name__,go_goroutines,instance,demo.robustperception.io:9090,job,prometheus,1594898114000,61
__name__,go_goroutines,instance,demo.robustperception.io:9090,job,prometheus,1594898128000,59
__name__,go_goroutines,instance,demo.robustperception.io:9090,job,prometheus,1594898142000,59
__name__,go_goroutines,instance,demo.robustperception.io:9090,job,prometheus,1594898156000,59
__name__,go_goroutines,instance,demo.robustperception.io:9090,job,prometheus,1594898170000,62
__name__,go_goroutines,instance,demo.robustperception.io:9090,job,prometheus,1594898184000,59
__name__,go_goroutines,instance,demo.robustperception.io:9090,job,prometheus,1594898198000,62
__name__,go_goroutines,instance,demo.robustperception.io:9090,job,prometheus,1594898212000,57
__name__,go_goroutines,instance,demo.robustperception.io:9090,job,prometheus,1594898226000,57
__name__,go_goroutines,instance,demo.robustperception.io:9090,job,prometheus,1594898240000,57
__name__,go_goroutines,instance,demo.robustperception.io:9090,job,prometheus,1594898254000,59
__name__,go_goroutines,instance,demo.robustperception.io:9090,job,prometheus,1594898268000,59
__name__,go_goroutines,instance,demo.robustperception.io:9090,job,prometheus,1594898282000,59
__name__,go_goroutines,instance,demo.robustperception.io:9090,job,prometheus,1594898296000,60
__name__,go_goroutines,instance,demo.robustperception.io:9090,job,prometheus,1594898310000,65
__name__,go_goroutines,instance,demo.robustperception.io:9090,job,prometheus,1594898324000,65
__name__,go_goroutines,instance,demo.robustperception.io:9090,job,prometheus,1594898338000,65
__name__,go_goroutines,instance,demo.robustperception.io:9090,job,prometheus,1594898352000,65
__name__,go_goroutines,instance,demo.robustperception.io:9090,job,prometheus,1594898366000,65
__name__,go_goroutines,instance,demo.robustperception.io:9090,job,prometheus,1594898380000,65
__name__,go_goroutines,instance,demo.robustperception.io:9090,job,prometheus,1594898394000,65
__name__,go_goroutines,instance,demo.robustperception.io:9090,job,prometheus,1594898408000,65
__name__,go_goroutines,instance,demo.robustperception.io:9090,job,prometheus,1594898422000,63
__name__,go_goroutines,instance,demo.robustperception.io:9090,job,prometheus,1594898436000,63
__name__,go_goroutines,instance,demo.robustperception.io:9090,job,prometheus,1594898450000,64
__name__,go_goroutines,instance,demo.robustperception.io:9090,job,prometheus,1594898464000,63
__name__,go_goroutines,instance,demo.robustperception.io:9090,job,prometheus,1594898478000,63
__name__,go_goroutines,instance,demo.robustperception.io:9090,job,prometheus,1594898492000,63
__name__,go_goroutines,instance,demo.robustperception.io:9090,job,prometheus,1594898506000,64
__name__,go_goroutines,instance,demo.robustperception.io:9090,job,prometheus,1594898520000,63
__name__,go_goroutines,instance,demo.robustperception.io:9090,job,prometheus,1594898534000,63
__name__,go_goroutines,instance,demo.robustperception.io:9090,job,prometheus,1594898548000,65
__name__,go_goroutines,instance,demo.robustperception.io:9090,job,prometheus,1594898562000,65
__name__,go_goroutines,instance,demo.robustperception.io:9090,job,prometheus,1594898576000,68
__name__,go_goroutines,instance,demo.robustperception.io:9090,job,prometheus,1594898590000,65
__name__,go_goroutines,instance,demo.robustperception.io:9090,job,prometheus,1594898604000,62
__name__,go_goroutines,instance,demo.robustperception.io:9090,job,prometheus,1594898618000,62
__name__,go_goroutines,instance,demo.robustperception.io:9090,job,prometheus,1594898632000,69
__name__,go_goroutines,instance,demo.robustperception.io:9090,job,prometheus,1594898646000,68
__name__,go_goroutines,instance,demo.robustperception.io:9090,job,prometheus,1594898660000,69
__name__,go_goroutines,instance,demo.robustperception.io:9090,job,prometheus,1594898674000,68
__name__,go_goroutines,instance,demo.robustperception.io:9090,job,prometheus,1594898688000,71
__name__,go_goroutines,instance,demo.robustperception.io:9090,job,prometheus,1594898702000,70
__name__,go_goroutines,instance,demo.robustperception.io:9090,job,prometheus,1594898716000,68
__name__,go_goroutines,instance,demo.robustperception.io:9090,job,prometheus,1594898730000,65
__name__,go_goroutines,instance,demo.robustperception.io:9090,job,prometheus,1594898744000,67
__name__,go_goroutines,instance,demo.robustperception.io:9090,job,prometheus,1594898758000,68
__name__,go_goroutines,instance,demo.robustperception.io:9091,job,pushgateway,1594895160000,10
__name__,go_goroutines,instance,demo.robustperception.io:9091,job,pushgateway,1594895174000,11
__name__,go_goroutines,instance,demo.robustperception.io:9091,job,pushgateway,1594895188000,10
__name__,go_goroutines,instance,demo.robustperception.io:9091,job,pushgateway,1594895202000,10
__name__,go_goroutines,instance,demo.robustperception.io:9091,job,pushgateway,1594895216000,10
__name__,go_goroutines,instance,demo.robustperception.io:9091,job,pushgateway,1594895230000,10
__name__,go_goroutines,instance,demo.robustperception.io:9091,job,pushgateway,1594895244000,10
__name__,go_goroutines,instance,demo.robustperception.io:9091,job,pushgateway,1594895258000,9
__name__,go_goroutines,instance,demo.robustperception.io:9091,job,pushgateway,1594895272000,10
__name__,go_goroutines,instance,demo.robustperception.io:9091,job,pushgateway,1594895286000,10
__name__,go_goroutines,instance,demo.robustperception.io:9091,job,pushgateway,1594895300000,10
__name__,go_goroutines,instance,demo.robustperception.io:9091,job,pushgateway,1594895314000,11
__name__,go_goroutines,instance,demo.robustperception.io:9091,job,pushgateway,1594895328000,10
__name__,go_goroutines,instance,demo.robustperception.io:9091,job,pushgateway,1594895342000,11
__name__,go_goroutines,instance,demo.robustperception.io:9091,job,pushgateway,1594895356000,10
__name__,go_goroutines,instance,demo.robustperception.io:9091,job,pushgateway,1594895370000,11
__name__,go_goroutines,instance,demo.robustperception.io:9091,job,pushgateway,1594895384000,10
__name__,go_goroutines,instance,demo.robustperception.io:9091,job,pushgateway,1594895398000,10
__name__,go_goroutines,instance,demo.robustperception.io:9091,job,pushgateway,1594895412000,10
__name__,go_goroutines,instance,demo.robustperception.io:9091,job,pushgateway,1594895426000,10
__name__,go_goroutines,instance,demo.robustperception.io:9091,job,pushgateway,1594895440000,10
__name__,go_goroutines,instance,demo.robustperception.io:9091,job,pushgateway,1594895454000,10
__name__,go_goroutines,instance,demo.robustperception.io:9091,job,pushgateway,1594895468000,10
__name__,go_goroutines,instance,demo.robustperception.io:9091,job,pushgateway,1594895482000,10
__name__,go_goroutines,instance,demo.robustperception.io:9091,job,pushgateway,1594895496000,12
__name__,go_goroutines,instance,demo.robustperception.io:9091,job,pushgateway,1594895510000,11
__name__,go_goroutines,instance,demo.robustperception.io:9091,job,pushgateway,1594895524000,10
__name__,go_goroutines,instance,demo.robustperception.io:9091,job,pushgateway,1594895538000,10
__name__,go_goroutines,instance,demo.robustperception.io:9091,job,pushgateway,1594895552000,10
__name__,go_goroutines,instance,demo.robustperception.io:9091,job,pushgateway,1594895566000,11
__name__,go_goroutines,instance,demo.robustperception.io:9091,job,pushgateway,1594895580000,10
__name__,go_goroutines,instance,demo.robustperception.io:9091,job,pushgateway,1594895594000,10
__name__,go_goroutines,instance,demo.robustperception.io:9091,job,pushgateway,1594895608000,10
__name__,go_goroutines,instance,demo.robustperception.io:9091,job,pushgateway,1594895622000,10
__name__,go_goroutines,instance,demo.robustperception.io:9091,job,pushgateway,1594895636000,10
__name__,go_goroutines,instance,demo.robustperception.io:9091,job,pushgateway,1594895650000,11
__name__,go_goroutines,instance,demo.robustperception.io:9091,job,pushgateway,1594895664000,11
__name__,go_goroutines,instance,demo.robustperception.io:9091,job,pushgateway,1594895678000,11
__name__,go_goroutines,instance,demo.robustperception.io:9091,job,pushgateway,1594895692000,10
__name__,go_goroutines,instance,demo.robustperception.io:9091,job,pushgateway,1594895706000,10
__name__,go_goroutines,instance,demo.robustperception.io:9091,job,pushgateway,1594895720000,11
__name__,go_goroutines,instance,demo.robustperception.io:9091,job,pushgateway,1594895734000,10
__name__,go_goroutines,instance,demo.robustperception.io:9091,job,pushgateway,1594895748000,10
__name__,go_goroutines,instance,demo.robustperception.io:9091,job,pushgateway,1594895762000,10
__name__,go_goroutines,instance,demo.robustperception.io:9091,job,pushgateway,1594895776000,10
__name__,go_goroutines,instance,demo.robustperception.io:9091,job,pushgateway,1594895790000,11
__name__,go_goroutines,instance,demo.robustperception.io:9091,job,pushgateway,1594895804000,10
__name__,go_goroutines,instance,demo.robustperception.io:9091,job,pushgateway,1594895818000,10
__name__,go_goroutines,instance,demo.robustperception.io:9091,job,pushgateway,1594895832000,10
__name__,go_goroutines,instance,demo.robustperception.io:9091,job,pushgateway,1594895846000,10
__name__,go_goroutines,instance,demo.robustperception.io:9091,job,pushgateway,1594895860000,10
__name__,go_goroutines,instance,demo.robustperception.io:9091,job,pushgateway,1594895874000,11
__name__,go_goroutines,instance,demo.robustperception.io:9091,job,pushgateway,1594895888000,10
__name__,go_goroutines,instance,demo.robustperception.io:9091,job,pushgateway,1594895902000,10
__name__,go_goroutines,instance,demo.robustperception.io:9091,job,pushgateway,1594895916000,10
__name__,go_goroutines,instance,demo.robustperception.io:9091,job,pushgateway,1594895930000,11
__name__,go_goroutines,instance,demo.robustperception.io:9091,job,pushgateway,1594895944000,10
__name__,go_goroutines,instance,demo.robustperception.io:9091,job,pushgateway,1594895958000,10
__name__,go_goroutines,instance,demo.robustperception.io:9091,job,pushgateway,1594895972000,10
__name__,go_goroutines,instance,demo.robustperception.io:9091,job,pushgateway,1594895986000,10
__name__,go_goroutines,instance,demo.robustperception.io:9091,job,pushgateway,1594896000000,10
__name__,go_goroutines,instance,demo.robustperception.io:9091,job,pushgateway,1594896014000,10
__name__,go_goroutines,instance,demo.robustperception.io:9091,job,pushgateway,1594896028000,11
__name__,go_goroutines,instance,demo.robustperception.io:9091,job,pushgateway,1594896042000,10
__name__,go_goroutines,instance,demo.robustperception.io:9091,job,pushgateway,1594896056000,10
__name__,go_goroutines,instance,demo.robustperception.io:9091,job,pushgateway,1594896070000,10
__name__,go_goroutines,instance,demo.robustperception.io:9091,job,pushgateway,1594896084000,10
__name__,go_goroutines,instance,demo.robustperception.io:9091,job,pushgateway,1594896098000,10
__name__,go_goroutines,instance,demo.robustperception.io:9091,job,pushgateway,1594896112000,10
__name__,go_goroutines,instance,demo.robustperception.io:9091,job,pushgateway,1594896126000,10
__name__,go_goroutines,instance,demo.robustperception.io:9091,job,pushgateway,1594896140000,10
__name__,go_goroutines,instance,demo.robustperception.io:9091,job,pushgateway,1594896154000,10
__name__,go_goroutines,instance,demo.robustperception.io:9091,job,pushgateway,1594896168000,11
__name__,go_goroutines,instance,demo.robustperception.io:9091,job,pushgateway,1594896182000,10
__name__,go_goroutines,instance,demo.robustperception.io:9091,job,pushgateway,1594896196000,11
__name__,go_goroutines,instance,demo.robustperception.io:9091,job,pushgateway,1594896210000,10
__name__,go_goroutines,instance,demo.robustperception.io:9091,job,pushgateway,1594896224000,10
__name__,go_goroutines,instance,demo.robustperception.io:9091,job,pushgateway,1594896238000,10
__name__,go_goroutines,instance,demo.robustperception.io:9091,job,pushgateway,1594896252000,11
__name__,go_goroutines,instance,demo.robustperception.io:9091,job,pushgateway,1594896266000,11
__name__,go_goroutines,instance,demo.robustperception.io:9091,job,pushgateway,1594896280000,10
__name__,go_goroutines,instance,demo.robustperception.io:9091,job,pushgateway,1594896294000,9
__name__,go_goroutines,instance,demo.robustperception.io:9091,job,pushgateway,1594896308000,10
__name__,go_goroutines,instance,demo.robustperception.io:9091,job,pushgateway,1594896322000,11
__name__,go_goroutines,instance,demo.robustperception.io:9091,job,pushgateway,1594896336000,10
__name__,go_goroutines,instance,demo.robustperception.io:9091,job,pushgateway,1594896350000,11
__name__,go_goroutines,instance,demo.robustperception.io:9091,job,pushgateway,1594896364000,10
__name__,go_goroutines,instance,demo.robustperception.io:9091,job,pushgateway,1594896378000,10
__name__,go_goroutines,instance,demo.robustperception.io:9091,job,pushgateway,1594896392000,10
__name__,go_goroutines,instance,demo.robustperception.io:9091,job,pushgateway,1594896406000,10
__name__,go_goroutines,instance,demo.robustperception.io:9091,job,pushgateway,1594896420000,10
__name__,go_goroutines,instance,demo.robustperception.io:9091,job,pushgateway,1594896434000,10
__name__,go_goroutines,instance,demo.robustperception.io:9091,job,pushgateway,1594896448000,10
__name__,go_goroutines,instance,demo.robustperception.io:9091,job,pushgateway,1594896462000,10
__name__,go_goroutines,instance,demo.robustperception.io:9091,job,pushgateway,1594896476000,10
__name__,go_goroutines,instance,demo.robustperception.io:9091,job,pushgateway,1594896490000,10
__name__,go_goroutines,instance,demo.robustperception.io:9091,job,pushgateway,1594896504000,11
__name__,go_goroutines,instance,demo.robustperception.io:9091,job,pushgateway,1594896518000,10
__name__,go_goroutines,instance,demo.robustperception.io:9091,job,pushgateway,1594896532000,10
__name__,go_goroutines,instance,demo.robustperception.io:9091,job,pushgateway,1594896546000,10
__name__,go_goroutines,instance,demo.robustperception.io:9091,job,pushgateway,1594896560000,10
__name__,go_goroutines,instance,demo.robustperception.io:9091,job,pushgateway,1594896574000,10
__name__,go_goroutines,instance,demo.robustperception.io:9091,job,pushgateway,1594896588000,10
__name__,go_goroutines,instance,demo.robustperception.io:9091,job,pushgateway,1594896602000,10
__name__,go_goroutines,instance,demo.robustperception.io:9091,job,pushgateway,1594896616000,10
__name__,go_goroutines,instance,demo.robustperception.io:9091,job,pushgateway,1594896630000,11
__name__,go_goroutines,instance,demo.robustperception.io:9091,job,pushgateway,1594896644000,10
__name__,go_goroutines,instance,demo.robustperception.io:9091,job,pushgateway,1594896658000,10
__name__,go_goroutines,instance,demo.robustperception.io:9091,job,pushgateway,1594896672000,10
__name__,go_goroutines,instance,demo.robustperception.io:9091,job,pushgateway,1594896686000,10
__name__,go_goroutines,instance,demo.robustperception.io:9091,job,pushgateway,1594896700000,10
__name__,go_goroutines,instance,demo.robustperception.io:9091,job,pushgateway,1594896714000,10
__name__,go_goroutines,instance,demo.robustperception.io:9091,job,pushgateway,1594896728000,10
__name__,go_goroutines,instance,demo.robustperception.io:9091,job,pushgateway,1594896742000,10
__name__,go_goroutines,instance,demo.robustperception.io:9091,job,pushgateway,1594896756000,10
__name__,go_goroutines,instance,demo.robustperception.io:9091,job,pushgateway,1594896770000,10
__name__,go_goroutines,instance,demo.robustperception.io:9091,job,pushgateway,1594896784000,11
__name__,go_goroutines,instance,demo.robustperception.io:9091,job,pushgateway,1594896798000,10
__name__,go_goroutines,instance,demo.robustperception.io:9091,job,pushgateway,1594896812000,10
__name__,go_goroutines,instance,demo.robustperception.io:9091,job,pushgateway,1594896826000,10
__name__,go_goroutines,instance,demo.robustperception.io:9091,job,pushgateway,1594896840000,10
__name__,go_goroutines,instance,demo.robustperception.io:9091,job,pushgateway,1594896854000,10
__name__,go_goroutines,instance,demo.robustperception.io:9091,job,pushgateway,1594896868000,11
__name__,go_goroutines,instance,demo.robustperception.io:9091,job,pushgateway,1594896882000,10
__name__,go_goroutines,instance,demo.robustperception.io:9091,job,pushgateway,1594896896000,10
__name__,go_goroutines,instance,demo.robustperception.io:9091,job,pushgateway,1594896910000,10
__name__,go_goroutines,instance,demo.robustperception.io:9091,job,pushgateway,1594896924000,11
__name__,go_goroutines,instance,demo.robustperception.io:9091,job,pushgateway,1594896938000,11
__name__,go_goroutines,instance,demo.robustperception.io:9091,job,pushgateway,1594896952000,11
__name__,go_goroutines,instance,demo.robustperception.io:9091,job,pushgateway,1594896966000,11
__name__,go_goroutines,instance,demo.robustperception.io:9091,job,pushgateway,1594896980000,10
__name__,go_goroutines,instance,demo.robustperception.io:9091,job,pushgateway,1594896994000,11
__name__,go_goroutines,instance,demo.robustperception.io:9091,job,pushgateway,1594897008000,10
__name__,go_goroutines,instance,demo.robustperception.io:9091,job,pushgateway,1594897022000,10
__name__,go_goroutines,instance,demo.robustperception.io:9091,job,pushgateway,1594897036000,10
__name__,go_goroutines,instance,demo.robustperception.io:9091,job,pushgateway,1594897050000,11
__name__,go_goroutines,instance,demo.robustperception.io:9091,job,pushgateway,1594897064000,11
__name__,go_goroutines,instance,demo.robustperception.io:9091,job,pushgateway,1594897078000,10
__name__,go_goroutines,instance,demo.robustperception.io:9091,job,pushgateway,1594897092000,10
__name__,go_goroutines,instance,demo.robustperception.io:9091,job,pushgateway,1594897106000,11
__name__,go_goroutines,instance,demo.robustperception.io:9091,job,pushgateway,1594897120000,10
__name__,go_goroutines,instance,demo.robustperception.io:9091,job,pushgateway,1594897134000,10
__name__,go_goroutines,instance,demo.robustperception.io:9091,job,pushgateway,1594897148000,11
__name__,go_goroutines,instance,demo.robustperception.io:9091,job,pushgateway,1594897162000,10
__name__,go_goroutines,instance,demo.robustperception.io:9091,job,pushgateway,1594897176000,11
__name__,go_goroutines,instance,demo.robustperception.io:9091,job,pushgateway,1594897190000,10
__name__,go_goroutines,instance,demo.robustperception.io:9091,job,pushgateway,1594897204000,10
__name__,go_goroutines,instance,demo.robustperception.io:9091,job,pushgateway,1594897218000,10
__name__,go_goroutines,instance,demo.robustperception.io:9091,job,pushgateway,1594897232000,10
__name__,go_goroutines,instance,demo.robustperception.io:9091,job,pushgateway,1594897246000,10
__name__,go_goroutines,instance,demo.robustperception.io:9091,job,pushgateway,1594897260000,10
__name__,go_goroutines,instance,demo.robustperception.io:9091,job,pushgateway,1594897274000,10
__name__,go_goroutines,instance,demo.robustperception.io:9091,job,pushgateway,1594897288000,10
__name__,go_goroutines,instance,demo.robustperception.io:9091,job,pushgateway,1594897302000,10
__name__,go_goroutines,instance,demo.robustperception.io:9091,job,pushgateway,1594897316000,10
__name__,go_goroutines,instance,demo.robustperception.io:9091,job,pushgateway,1594897330000,11
__name__,go_goroutines,instance,demo.robustperception.io:9091,job,pushgateway,1594897344000,11
__name__,go_goroutines,instance,demo.robustperception.io:9091,job,pushgateway,1594897358000,10
__name__,go_goroutines,instance,demo.robustperception.io:9091,job,pushgateway,1594897372000,10
__name__,go_goroutines,instance,demo.robustperception.io:9091,job,pushgateway,1594897386000,10
__name__,go_goroutines,instance,demo.robustperception.io:9091,job,pushgateway,1594897400000,10
__name__,go_goroutines,instance,demo.robustperception.io:9091,job,pushgateway,1594897414000,10
__name__,go_goroutines,instance,demo.robustperception.io:9091,job,pushgateway,1594897428000,11
__name__,go_goroutines,instance,demo.robustperception.io:9091,job,pushgateway,1594897442000,10
__name__,go_goroutines,instance,demo.robustperception.io:9091,job,pushgateway,1594897456000,11
__name__,go_goroutines,instance,demo.robustperception.io:9091,job,pushgateway,1594897470000,10
__name__,go_goroutines,instance,demo.robustperception.io:9091,job,pushgateway,1594897484000,11
__name__,go_goroutines,instance,demo.robustperception.io:9091,job,pushgateway,1594897498000,10
__name__,go_goroutines,instance,demo.robustperception.io:9091,job,pushgateway,1594897512000,10
__name__,go_goroutines,instance,demo.robustperception.io:9091,job,pushgateway,1594897526000,10
__name__,go_goroutines,instance,demo.robustperception.io:9091,job,pushgateway,1594897540000,10
__name__,go_goroutines,instance,demo.robustperception.io:9091,job,pushgateway,1594897554000,10
__name__,go_goroutines,instance,demo.robustperception.io:9091,job,pushgateway,1594897568000,10
__name__,go_goroutines,instance,demo.robustperception.io:9091,job,pushgateway,1594897582000,10
__name__,go_goroutines,instance,demo.robustperception.io:9091,job,pushgateway,1594897596000,10
__name__,go_goroutines,instance,demo.robustperception.io:9091,job,pushgateway,1594897610000,10
__name__,go_goroutines,instance,demo.robustperception.io:9091,job,pushgateway,1594897624000,10
__name__,go_goroutines,instance,demo.robustperception.io:9091,job,pushgateway,1594897638000,10
__name__,go_goroutines,instance,demo.robustperception.io:9091,job,pushgateway,1594897652000,10
__name__,go_goroutines,instance,demo.robustperception.io:9091,job,pushgateway,1594897666000,10
__name__,go_goroutines,instance,demo.robustperception.io:9091,job,pushgateway,1594897680000,10
__name__,go_goroutines,instance,demo.robustperception.io:9091,job,pushgateway,1594897694000,10
__name__,go_goroutines,instance,demo.robustperception.io:9091,job,pushgateway,1594897708000,10
__name__,go_goroutines,instance,demo.robustperception.io:9091,job,pushgateway,1594897722000,10
__name__,go_goroutines,instance,demo.robustperception.io:9091,job,pushgateway,1594897736000,11
__name__,go_goroutines,instance,demo.robustperception.io:9091,job,pushgateway,1594897750000,10
__name__,go_goroutines,instance,demo.robustperception.io:9091,job,pushgateway,1594897764000,10
__name__,go_goroutines,instance,demo.robustperception.io:9091,job,pushgateway,1594897778000,10
__name__,go_goroutines,instance,demo.robustperception.io:9091,job,pushgateway,1594897792000,10
__name__,go_goroutines,instance,demo.robustperception.io:9091,job,pushgateway,1594897806000,10
__name__,go_goroutines,instance,demo.robustperception.io:9091,job,pushgateway,1594897820000,10
__name__,go_goroutines,instance,demo.robustperception.io:9091,job,pushgateway,1594897834000,11
__name__,go_goroutines,instance,demo.robustperception.io:9091,job,pushgateway,1594897848000,11
__name__,go_goroutines,instance,demo.robustperception.io:9091,job,pushgateway,1594897862000,10
__name__,go_goroutines,instance,demo.robustperception.io:9091,job,pushgateway,1594897876000,10
__name__,go_goroutines,instance,demo.robustperception.io:9091,job,pushgateway,1594897890000,9
__name__,go_goroutines,instance,demo.robustperception.io:9091,job,pushgateway,1594897904000,10
__name__,go_goroutines,instance,demo.robustperception.io:9091,job,pushgateway,1594897918000,10
__name__,go_goroutines,instance,demo.robustperception.io:9091,job,pushgateway,1594897932000,10
__name__,go_goroutines,instance,demo.robustperception.io:9091,job,pushgateway,1594897946000,10
__name__,go_goroutines,instance,demo.robustperception.io:9091,job,pushgateway,1594897960000,10
__name__,go_goroutines,instance,demo.robustperception.io:9091,job,pushgateway,1594897974000,11
__name__,go_goroutines,instance,demo.robustperception.io:9091,job,pushgateway,1594897988000,10
__name__,go_goroutines,instance,demo.robustperception.io:9091,job,pushgateway,1594898002000,10
__name__,go_goroutines,instance,demo.robustperception.io:9091,job,pushgateway,1594898016000,10
__name__,go_goroutines,instance,demo.robustperception.io:9091,job,pushgateway,1594898030000,10
__name__,go_goroutines,instance,demo.robustperception.io:9091,job,pushgateway,1594898044000,10
__name__,go_goroutines,instance,demo.robustperception.io:9091,job,pushgateway,1594898058000,10
__name__,go_goroutines,instance,demo.robustperception.io:9091,job,pushgateway,1594898072000,10
__name__,go_goroutines,instance,demo.robustperception.io:9091,job,pushgateway,1594898086000,10
__name__,go_goroutines,instance,demo.robustperception.io:9091,job,pushgateway,1594898100000,10
__name__,go_goroutines,instance,demo.robustperception.io:9091,job,pushgateway,1594898114000,11
__name__,go_goroutines,instance,demo.robustperception.io:9091,job,pushgateway,1594898128000,10
__name__,go_goroutines,instance,demo.robustperception.io:9091,job,pushgateway,1594898142000,10
__name__,go_goroutines,instance,demo.robustperception.io:9091,job,pushgateway,1594898156000,10
__name__,go_goroutines,instance,demo.robustperception.io:9091,job,pushgateway,1594898170000,10
__name__,go_goroutines,instance,demo.robustperception.io:9091,job,pushgateway,1594898184000,10
__name__,go_goroutines,instance,demo.robustperception.io:9091,job,pushgateway,1594898198000,10
__name__,go_goroutines,instance,demo.robustperception.io:9091,job,pushgateway,1594898212000,10
__name__,go_goroutines,instance,demo.robustperception.io:9091,job,pushgateway,1594898226000,10
__name__,go_goroutines,instance,demo.robustperception.io:9091,job,pushgateway,1594898240000,10
__name__,go_goroutines,instance,demo.robustperception.io:9091,job,pushgateway,1594898254000,10
__name__,go_goroutines,instance,demo.robustperception.io:9091,job,pushgateway,1594898268000,11
__name__,go_goroutines,instance,demo.robustperception.io:9091,job,pushgateway,1594898282000,11
__name__,go_goroutines,instance,demo.robustperception.io:9091,job,pushgateway,1594898296000,10
__name__,go_goroutines,instance,demo.robustperception.io:9091,job,pushgateway,1594898310000,10
__name__,go_goroutines,instance,demo.robustperception.io:9091,job,pushgateway,1594898324000,11
__name__,go_goroutines,instance,demo.robustperception.io:9091,job,pushgateway,1594898338000,10
__name__,go_goroutines,instance,demo.robustperception.io:9091,job,pushgateway,1594898352000,10
__name__,go_goroutines,instance,demo.robustperception.io:9091,job,pushgateway,1594898366000,10
__name__,go_goroutines,instance,demo.robustperception.io:9091,job,pushgateway,1594898380000,11
__name__,go_goroutines,instance,demo.robustperception.io:9091,job,pushgateway,1594898394000,9
__name__,go_goroutines,instance,demo.robustperception.io:9091,job,pushgateway,1594898408000,10
__name__,go_goroutines,instance,demo.robustperception.io:9091,job,pushgateway,1594898422000,10
__name__,go_goroutines,instance,demo.robustperception.io:9091,job,pushgateway,1594898436000,10
__name__,go_goroutines,instance,demo.robustperception.io:9091,job,pushgateway,1594898450000,10
__name__,go_goroutines,instance,demo.robustperception.io:9091,job,pushgateway,1594898464000,10
__name__,go_goroutines,instance,demo.robustperception.io:9091,job,pushgateway,1594898478000,11
__name__,go_goroutines,instance,demo.robustperception.io:9091,job,pushgateway,1594898492000,11
__name__,go_goroutines,instance,demo.robustperception.io:9091,job,pushgateway,1594898506000,10
__name__,go_goroutines,instance,demo.robustperception.io:9091,job,pushgateway,1594898520000,10
__name__,go_goroutines,instance,demo.robustperception.io:9091,job,pushgateway,1594898534000,10
__name__,go_goroutines,instance,demo.robustperception.io:9091,job,pushgateway,1594898548000,10
__name__,go_goroutines,instance,demo.robustperception.io:9091,job,pushgateway,1594898562000,11
__name__,go_goroutines,instance,demo.robustperception.io:9091,job,pushgateway,1594898576000,10
__name__,go_goroutines,instance,demo.robustperception.io:9091,job,pushgateway,1594898590000,11
__name__,go_goroutines,instance,demo.robustperception.io:9091,job,pushgateway,1594898604000,10
__name__,go_goroutines,instance,demo.robustperception.io:9091,job,pushgateway,1594898618000,11
__name__,go_goroutines,instance,demo.robustperception.io:9091,job,pushgateway,1594898632000,10
__name__,go_goroutines,instance,demo.robustperception.io:9091,job,pushgateway,1594898646000,10
__name__,go_goroutines,instance,demo.robustperception.io:9091,job,pushgateway,1594898660000,10
__name__,go_goroutines,instance,demo.robustperception.io:9091,job,pushgateway,1594898674000,10
__name__,go_goroutines,instance,demo.robustperception.io:9091,job,pushgateway,1594898688000,10
__name__,go_goroutines,instance,demo.robustperception.io:9091,job,pushgateway,1594898702000,10
__name__,go_goroutines,instance,demo.robustperception.io:9091,job,pushgateway,1594898716000,11
__name__,go_goroutines,instance,demo.robustperception.io:9091,job,pushgateway,1594898730000,11
__name__,go_goroutines,instance,demo.robustperception.io:9091,job,pushgateway,1594898744000,10
__name__,go_goroutines,instance,demo.robustperception.io:9091,job,pushgateway,1594898758000,10
__name__,go_goroutines,instance,demo.robustperception.io:9093,job,alertmanager,1594895160000,35
__name__,go_goroutines,instance,demo.robustperception.io:9093,job,alertmanager,1594895174000,35
__name__,go_goroutines,instance,demo.robustperception.io:9093,job,alertmanager,1594895188000,35
__name__,go_goroutines,instance,demo.robustperception.io:9093,job,alertmanager,1594895202000,35
__name__,go_goroutines,instance,demo.robustperception.io:9093,job,alertmanager,1594895216000,35
__name__,go_goroutines,instance,demo.robustperception.io:9093,job,alertmanager,1594895230000,35
__name__,go_goroutines,instance,demo.robustperception.io:9093,job,alertmanager,1594895244000,35
__name__,go_goroutines,instance,demo.robustperception.io:9093,job,alertmanager,1594895258000,35
__name__,go_goroutines,instance,demo.robustperception.io:9093,job,alertmanager,1594895272000,36
__name__,go_goroutines,instance,demo.robustperception.io:9093,job,alertmanager,1594895286000,35
__name__,go_goroutines,instance,demo.robustperception.io:9093,job,alertmanager,1594895300000,35
__name__,go_goroutines,instance,demo.robustperception.io:9093,job,alertmanager,1594895314000,35
__name__,go_goroutines,instance,demo.robustperception.io:9093,job,alertmanager,1594895328000,35
__name__,go_goroutines,instance,demo.robustperception.io:9093,job,alertmanager,1594895342000,35
__name__,go_goroutines,instance,demo.robustperception.io:9093,job,alertmanager,1594895356000,35
__name__,go_goroutines,instance,demo.robustperception.io:9093,job,alertmanager,1594895370000,35
__name__,go_goroutines,instance,demo.robustperception.io:9093,job,alertmanager,1594895384000,35
__name__,go_goroutines,instance,demo.robustperception.io:9093,job,alertmanager,1594895398000,35
__name__,go_goroutines,instance,demo.robustperception.io:9093,job,alertmanager,1594895412000,35
__name__,go_goroutines,instance,demo.robustperception.io:9093,job,alertmanager,1594895426000,35
__name__,go_goroutines,instance,demo.robustperception.io:9093,job,alertmanager,1594895440000,35
__name__,go_goroutines,instance,demo.robustperception.io:9093,job,alertmanager,1594895454000,35
__name__,go_goroutines,instance,demo.robustperception.io:9093,job,alertmanager,1594895468000,35
__name__,go_goroutines,instance,demo.robustperception.io:9093,job,alertmanager,1594895482000,35
__name__,go_goroutines,instance,demo.robustperception.io:9093,job,alertmanager,1594895496000,35
__name__,go_goroutines,instance,demo.robustperception.io:9093,job,alertmanager,1594895510000,35
__name__,go_goroutines,instance,demo.robustperception.io:9093,job,alertmanager,1594895524000,35
__name__,go_goroutines,instance,demo.robustperception.io:9093,job,alertmanager,1594895538000,35
__name__,go_goroutines,instance,demo.robustperception.io:9093,job,alertmanager,1594895552000,35
__name__,go_goroutines,instance,demo.robustperception.io:9093,job,alertmanager,1594895566000,35
__name__,go_goroutines,instance,demo.robustperception.io:9093,job,alertmanager,1594895580000,35
__name__,go_goroutines,instance,demo.robustperception.io:9093,job,alertmanager,1594895594000,35
__name__,go_goroutines,instance,demo.robustperception.io:9093,job,alertmanager,1594895608000,35
__name__,go_goroutines,instance,demo.robustperception.io:9093,job,alertmanager,1594895622000,35
__name__,go_goroutines,instance,demo.robustperception.io:9093,job,alertmanager,1594895636000,35
__name__,go_goroutines,instance,demo.robustperception.io:9093,job,alertmanager,1594895650000,35
__name__,go_goroutines,instance,demo.robustperception.io:9093,job,alertmanager,1594895664000,35
__name__,go_goroutines,instance,demo.robustperception.io:9093,job,alertmanager,1594895678000,35
__name__,go_goroutines,instance,demo.robustperception.io:9093,job,alertmanager,1594895692000,35
__name__,go_goroutines,instance,demo.robustperception.io:9093,job,alertmanager,1594895706000,36
__name__,go_goroutines,instance,demo.robustperception.io:9093,job,alertmanager,1594895720000,35
__name__,go_goroutines,instance,demo.robustperception.io:9093,job,alertmanager,1594895734000,35
__name__,go_goroutines,instance,demo.robustperception.io:9093,job,alertmanager,1594895748000,35
__name__,go_goroutines,instance,demo.robustperception.io:9093,job,alertmanager,1594895762000,35
__name__,go_goroutines,instance,demo.robustperception.io:9093,job,alertmanager,1594895776000,35
__name__,go_goroutines,instance,demo.robustperception.io:9093,job,alertmanager,1594895790000,35
__name__,go_goroutines,instance,demo.robustperception.io:9093,job,alertmanager,1594895804000,35
__name__,go_goroutines,instance,demo.robustperception.io:9093,job,alertmanager,1594895818000,35
__name__,go_goroutines,instance,demo.robustperception.io:9093,job,alertmanager,1594895832000,36
__name__,go_goroutines,instance,demo.robustperception.io:9093,job,alertmanager,1594895846000,35
__name__,go_goroutines,instance,demo.robustperception.io:9093,job,alertmanager,1594895860000,35
__name__,go_goroutines,instance,demo.robustperception.io:9093,job,alertmanager,1594895874000,35
__name__,go_goroutines,instance,demo.robustperception.io:9093,job,alertmanager,1594895888000,35
__name__,go_goroutines,instance,demo.robustperception.io:9093,job,alertmanager,1594895902000,35
__name__,go_goroutines,instance,demo.robustperception.io:9093,job,alertmanager,1594895916000,35
__name__,go_goroutines,instance,demo.robustperception.io:9093,job,alertmanager,1594895930000,35
__name__,go_goroutines,instance,demo.robustperception.io:9093,job,alertmanager,1594895944000,35
__name__,go_goroutines,instance,demo.robustperception.io:9093,job,alertmanager,1594895958000,35
__name__,go_goroutines,instance,demo.robustperception.io:9093,job,alertmanager,1594895972000,35
__name__,go_goroutines,instance,demo.robustperception.io:9093,job,alertmanager,1594895986000,35
__name__,go_goroutines,instance,demo.robustperception.io:9093,job,alertmanager,1594896000000,35
__name__,go_goroutines,instance,demo.robustperception.io:9093,job,alertmanager,1594896014000,35
__name__,go_goroutines,instance,demo.robustperception.io:9093,job,alertmanager,1594896028000,35
__name__,go_goroutines,instance,demo.robustperception.io:9093,job,alertmanager,1594896042000,35
__name__,go_goroutines,instance,demo.robustperception.io:9093,job,alertmanager,1594896056000,35
__name__,go_goroutines,instance,demo.robustperception.io:9093,job,alertmanager,1594896070000,36
__name__,go_goroutines,instance,demo.robustperception.io:9093,job,alertmanager,1594896084000,35
__name__,go_goroutines,instance,demo.robustperception.io:9093,job,alertmanager,1594896098000,35
__name__,go_goroutines,instance,demo.robustperception.io:9093,job,alertmanager,1594896112000,35
__name__,go_goroutines,instance,demo.robustperception.io:9093,job,alertmanager,1594896126000,35
__name__,go_goroutines,instance,demo.robustperception.io:9093,job,alertmanager,1594896140000,35
__name__,go_goroutines,instance,demo.robustperception.io:9093,job,alertmanager,1594896154000,35
__name__,go_goroutines,instance,demo.robustperception.io:9093,job,alertmanager,1594896168000,35
__name__,go_goroutines,instance,demo.robustperception.io:9093,job,alertmanager,1594896182000,35
__name__,go_goroutines,instance,demo.robustperception.io:9093,job,alertmanager,1594896196000,36
__name__,go_goroutines,instance,demo.robustperception.io:9093,job,alertmanager,1594896210000,35
__name__,go_goroutines,instance,demo.robustperception.io:9093,job,alertmanager,1594896224000,35
__name__,go_goroutines,instance,demo.robustperception.io:9093,job,alertmanager,1594896238000,35
__name__,go_goroutines,instance,demo.robustperception.io:9093,job,alertmanager,1594896252000,35
__name__,go_goroutines,instance,demo.robustperception.io:9093,job,alertmanager,1594896266000,36
__name__,go_goroutines,instance,demo.robustperception.io:9093,job,alertmanager,1594896280000,35
__name__,go_goroutines,instance,demo.robustperception.io:9093,job,alertmanager,1594896294000,35
__name__,go_goroutines,instance,demo.robustperception.io:9093,job,alertmanager,1594896308000,35
__name__,go_goroutines,instance,demo.robustperception.io:9093,job,alertmanager,1594896322000,35
__name__,go_goroutines,instance,demo.robustperception.io:9093,job,alertmanager,1594896336000,35
__name__,go_goroutines,instance,demo.robustperception.io:9093,job,alertmanager,1594896350000,35
__name__,go_goroutines,instance,demo.robustperception.io:9093,job,alertmanager,1594896364000,35
__name__,go_goroutines,instance,demo.robustperception.io:9093,job,alertmanager,1594896378000,35
__name__,go_goroutines,instance,demo.robustperception.io:9093,job,alertmanager,1594896392000,35
__name__,go_goroutines,instance,demo.robustperception.io:9093,job,alertmanager,1594896406000,35
__name__,go_goroutines,instance,demo.robustperception.io:9093,job,alertmanager,1594896420000,35
__name__,go_goroutines,instance,demo.robustperception.io:9093,job,alertmanager,1594896434000,35
__name__,go_goroutines,instance,demo.robustperception.io:9093,job,alertmanager,1594896448000,35
__name__,go_goroutines,instance,demo.robustperception.io:9093,job,alertmanager,1594896462000,35
__name__,go_goroutines,instance,demo.robustperception.io:9093,job,alertmanager,1594896476000,35
__name__,go_goroutines,instance,demo.robustperception.io:9093,job,alertmanager,1594896490000,35
__name__,go_goroutines,instance,demo.robustperception.io:9093,job,alertmanager,1594896504000,35
__name__,go_goroutines,instance,demo.robustperception.io:9093,job,alertmanager,1594896518000,35
__name__,go_goroutines,instance,demo.robustperception.io:9093,job,alertmanager,1594896532000,35
__name__,go_goroutines,instance,demo.robustperception.io:9093,job,alertmanager,1594896546000,36
__name__,go_goroutines,instance,demo.robustperception.io:9093,job,alertmanager,1594896560000,35
__name__,go_goroutines,instance,demo.robustperception.io:9093,job,alertmanager,1594896574000,35
__name__,go_goroutines,instance,demo.robustperception.io:9093,job,alertmanager,1594896588000,35
__name__,go_goroutines,instance,demo.robustperception.io:9093,job,alertmanager,1594896602000,35
__name__,go_goroutines,instance,demo.robustperception.io:9093,job,alertmanager,1594896616000,35
__name__,go_goroutines,instance,demo.robustperception.io:9093,job,alertmanager,1594896630000,35
__name__,go_goroutines,instance,demo.robustperception.io:9093,job,alertmanager,1594896644000,35
__name__,go_goroutines,instance,demo.robustperception.io:9093,job,alertmanager,1594896658000,35
__name__,go_goroutines,instance,demo.robustperception.io:9093,job,alertmanager,1594896672000,35
__name__,go_goroutines,instance,demo.robustperception.io:9093,job,alertmanager,1594896686000,36
__name__,go_goroutines,instance,demo.robustperception.io:9093,job,alertmanager,1594896700000,35
__name__,go_goroutines,instance,demo.robustperception.io:9093,job,alertmanager,1594896714000,35
__name__,go_goroutines,instance,demo.robustperception.io:9093,job,alertmanager,1594896728000,35
__name__,go_goroutines,instance,demo.robustperception.io:9093,job,alertmanager,1594896742000,35
__name__,go_goroutines,instance,demo.robustperception.io:9093,job,alertmanager,1594896756000,36
__name__,go_goroutines,instance,demo.robustperception.io:9093,job,alertmanager,1594896770000,35
__name__,go_goroutines,instance,demo.robustperception.io:9093,job,alertmanager,1594896784000,36
__name__,go_goroutines,instance,demo.robustperception.io:9093,job,alertmanager,1594896798000,36
__name__,go_goroutines,instance,demo.robustperception.io:9093,job,alertmanager,1594896812000,35
__name__,go_goroutines,instance,demo.robustperception.io:9093,job,alertmanager,1594896826000,35
__name__,go_goroutines,instance,demo.robustperception.io:9093,job,alertmanager,1594896840000,35
__name__,go_goroutines,instance,demo.robustperception.io:9093,job,alertmanager,1594896854000,35
__name__,go_goroutines,instance,demo.robustperception.io:9093,job,alertmanager,1594896868000,35
__name__,go_goroutines,instance,demo.robustperception.io:9093,job,alertmanager,1594896882000,35
__name__,go_goroutines,instance,demo.robustperception.io:9093,job,alertmanager,1594896896000,35
__name__,go_goroutines,instance,demo.robustperception.io:9093,job,alertmanager,1594896910000,35
__name__,go_goroutines,instance,demo.robustperception.io:9093,job,alertmanager,1594896924000,35
__name__,go_goroutines,instance,demo.robustperception.io:9093,job,alertmanager,1594896938000,35
__name__,go_goroutines,instance,demo.robustperception.io:9093,job,alertmanager,1594896952000,35
__name__,go_goroutines,instance,demo.robustperception.io:9093,job,alertmanager,1594896966000,35
__name__,go_goroutines,instance,demo.robustperception.io:9093,job,alertmanager,1594896980000,35
__name__,go_goroutines,instance,demo.robustperception.io:9093,job,alertmanager,1594896994000,35
__name__,go_goroutines,instance,demo.robustperception.io:9093,job,alertmanager,1594897008000,35
__name__,go_goroutines,instance,demo.robustperception.io:9093,job,alertmanager,1594897022000,35
__name__,go_goroutines,instance,demo.robustperception.io:9093,job,alertmanager,1594897036000,35
__name__,go_goroutines,instance,demo.robustperception.io:9093,job,alertmanager,1594897050000,35
__name__,go_goroutines,instance,demo.robustperception.io:9093,job,alertmanager,1594897064000,35
__name__,go_goroutines,instance,demo.robustperception.io:9093,job,alertmanager,1594897078000,35
__name__,go_goroutines,instance,demo.robustperception.io:9093,job,alertmanager,1594897092000,35
__name__,go_goroutines,instance,demo.robustperception.io:9093,job,alertmanager,1594897106000,35
__name__,go_goroutines,instance,demo.robustperception.io:9093,job,alertmanager,1594897120000,35
__name__,go_goroutines,instance,demo.robustperception.io:9093,job,alertmanager,1594897134000,35
__name__,go_goroutines,instance,demo.robustperception.io:9093,job,alertmanager,1594897148000,35
__name__,go_goroutines,instance,demo.robustperception.io:9093,job,alertmanager,1594897162000,35
__name__,go_goroutines,instance,demo.robustperception.io:9093,job,alertmanager,1594897176000,35
__name__,go_goroutines,instance,demo.robustperception.io:9093,job,alertmanager,1594897190000,35
__name__,go_goroutines,instance,demo.robustperception.io:9093,job,alertmanager,1594897204000,35
__name__,go_goroutines,instance,demo.robustperception.io:9093,job,alertmanager,1594897218000,35
__name__,go_goroutines,instance,demo.robustperception.io:9093,job,alertmanager,1594897232000,35
__name__,go_goroutines,instance,demo.robustperception.io:9093,job,alertmanager,1594897246000,35
__name__,go_goroutines,instance,demo.robustperception.io:9093,job,alertmanager,1594897260000,35
__name__,go_goroutines,instance,demo.robustperception.io:9093,job,alertmanager,1594897274000,35
__name__,go_goroutines,instance,demo.robustperception.io:9093,job,alertmanager,1594897288000,35
__name__,go_goroutines,instance,demo.robustperception.io:9093,job,alertmanager,1594897302000,35
__name__,go_goroutines,instance,demo.robustperception.io:9093,job,alertmanager,1594897316000,35
__name__,go_goroutines,instance,demo.robustperception.io:9093,job,alertmanager,1594897330000,35
__name__,go_goroutines,instance,demo.robustperception.io:9093,job,alertmanager,1594897344000,35
__name__,go_goroutines,instance,demo.robustperception.io:9093,job,alertmanager,1594897358000,35
__name__,go_goroutines,instance,demo.robustperception.io:9093,job,alertmanager,1594897372000,35
__name__,go_goroutines,instance,demo.robustperception.io:9093,job,alertmanager,1594897386000,35
__name__,go_goroutines,instance,demo.robustperception.io:9093,job,alertmanager,1594897400000,36
__name__,go_goroutines,instance,demo.robustperception.io:9093,job,alertmanager,1594897414000,35
__name__,go_goroutines,instance,demo.robustperception.io:9093,job,alertmanager,1594897428000,36
__name__,go_goroutines,instance,demo.robustperception.io:9093,job,alertmanager,1594897442000,35
__name__,go_goroutines,instance,demo.robustperception.io:9093,job,alertmanager,1594897456000,35
__name__,go_goroutines,instance,demo.robustperception.io:9093,job,alertmanager,1594897470000,35
__name__,go_goroutines,instance,demo.robustperception.io:9093,job,alertmanager,1594897484000,35
__name__,go_goroutines,instance,demo.robustperception.io:9093,job,alertmanager,1594897498000,35
__name__,go_goroutines,instance,demo.robustperception.io:9093,job,alertmanager,1594897512000,35
__name__,go_goroutines,instance,demo.robustperception.io:9093,job,alertmanager,1594897526000,35
__name__,go_goroutines,instance,demo.robustperception.io:9093,job,alertmanager,1594897540000,35
__name__,go_goroutines,instance,demo.robustperception.io:9093,job,alertmanager,1594897554000,35
__name__,go_goroutines,instance,demo.robustperception.io:9093,job,alertmanager,1594897568000,36
__name__,go_goroutines,instance,demo.robustperception.io:9093,job,alertmanager,1594897582000,35
__name__,go_goroutines,instance,demo.robustperception.io:9093,job,alertmanager,1594897596000,35
__name__,go_goroutines,instance,demo.robustperception.io:9093,job,alertmanager,1594897610000,35
__name__,go_goroutines,instance,demo.robustperception.io:9093,job,alertmanager,1594897624000,35
__name__,go_goroutines,instance,demo.robustperception.io:9093,job,alertmanager,1594897638000,35
__name__,go_goroutines,instance,demo.robustperception.io:9093,job,alertmanager,1594897652000,36
__name__,go_goroutines,instance,demo.robustperception.io:9093,job,alertmanager,1594897666000,35
__name__,go_goroutines,instance,demo.robustperception.io:9093,job,alertmanager,1594897680000,37
__name__,go_goroutines,instance,demo.robustperception.io:9093,job,alertmanager,1594897694000,35
__name__,go_goroutines,instance,demo.robustperception.io:9093,job,alertmanager,1594897708000,35
__name__,go_goroutines,instance,demo.robustperception.io:9093,job,alertmanager,1594897722000,35
__name__,go_goroutines,instance,demo.robustperception.io:9093,job,alertmanager,1594897736000,35
__name__,go_goroutines,instance,demo.robustperception.io:9093,job,alertmanager,1594897750000,36
__name__,go_goroutines,instance,demo.robustperception.io:9093,job,alertmanager,1594897764000,35
__name__,go_goroutines,instance,demo.robustperception.io:9093,job,alertmanager,1594897778000,35
__name__,go_goroutines,instance,demo.robustperception.io:9093,job,alertmanager,1594897792000,35
__name__,go_goroutines,instance,demo.robustperception.io:9093,job,alertmanager,1594897806000,35
__name__,go_goroutines,instance,demo.robustperception.io:9093,job,alertmanager,1594897820000,35
__name__,go_goroutines,instance,demo.robustperception.io:9093,job,alertmanager,1594897834000,35
__name__,go_goroutines,instance,demo.robustperception.io:9093,job,alertmanager,1594897848000,35
__name__,go_goroutines,instance,demo.robustperception.io:9093,job,alertmanager,1594897862000,36
__name__,go_goroutines,instance,demo.robustperception.io:9093,job,alertmanager,1594897876000,35
__name__,go_goroutines,instance,demo.robustperception.io:9093,job,alertmanager,1594897890000,35
__name__,go_goroutines,instance,demo.robustperception.io:9093,job,alertmanager,1594897904000,36
__name__,go_goroutines,instance,demo.robustperception.io:9093,job,alertmanager,1594897918000,35
__name__,go_goroutines,instance,demo.robustperception.io:9093,job,alertmanager,1594897932000,35
__name__,go_goroutines,instance,demo.robustperception.io:9093,job,alertmanager,1594897946000,35
__name__,go_goroutines,instance,demo.robustperception.io:9093,job,alertmanager,1594897960000,35
__name__,go_goroutines,instance,demo.robustperception.io:9093,job,alertmanager,1594897974000,36
__name__,go_goroutines,instance,demo.robustperception.io:9093,job,alertmanager,1594897988000,35
__name__,go_goroutines,instance,demo.robustperception.io:9093,job,alertmanager,1594898002000,35
__name__,go_goroutines,instance,demo.robustperception.io:9093,job,alertmanager,1594898016000,35
__name__,go_goroutines,instance,demo.robustperception.io:9093,job,alertmanager,1594898030000,35
__name__,go_goroutines,instance,demo.robustperception.io:9093,job,alertmanager,1594898044000,35
__name__,go_goroutines,instance,demo.robustperception.io:9093,job,alertmanager,1594898058000,35
__name__,go_goroutines,instance,demo.robustperception.io:9093,job,alertmanager,1594898072000,35
__name__,go_goroutines,instance,demo.robustperception.io:9093,job,alertmanager,1594898086000,35
__name__,go_goroutines,instance,demo.robustperception.io:9093,job,alertmanager,1594898100000,35
__name__,go_goroutines,instance,demo.robustperception.io:9093,job,alertmanager,1594898114000,35
__name__,go_goroutines,instance,demo.robustperception.io:9093,job,alertmanager,1594898128000,35
__name__,go_goroutines,instance,demo.robustperception.io:9093,job,alertmanager,1594898142000,35
__name__,go_goroutines,instance,demo.robustperception.io:9093,job,alertmanager,1594898156000,35
__name__,go_goroutines,instance,demo.robustperception.io:9093,job,alertmanager,1594898170000,36
__name__,go_goroutines,instance,demo.robustperception.io:9093,job,alertmanager,1594898184000,35
__name__,go_goroutines,instance,demo.robustperception.io:9093,job,alertmanager,1594898198000,35
__name__,go_goroutines,instance,demo.robustperception.io:9093,job,alertmanager,1594898212000,35
__name__,go_goroutines,instance,demo.robustperception.io:9093,job,alertmanager,1594898226000,35
__name__,go_goroutines,instance,demo.robustperception.io:9093,job,alertmanager,1594898240000,35
__name__,go_goroutines,instance,demo.robustperception.io:9093,job,alertmanager,1594898254000,36
__name__,go_goroutines,instance,demo.robustperception.io:9093,job,alertmanager,1594898268000,35
__name__,go_goroutines,instance,demo.robustperception.io:9093,job,alertmanager,1594898282000,35
__name__,go_goroutines,instance,demo.robustperception.io:9093,job,alertmanager,1594898296000,35
__name__,go_goroutines,instance,demo.robustperception.io:9093,job,alertmanager,1594898310000,35
__name__,go_goroutines,instance,demo.robustperception.io:9093,job,alertmanager,1594898324000,35
__name__,go_goroutines,instance,demo.robustperception.io:9093,job,alertmanager,1594898338000,35
__name__,go_goroutines,instance,demo.robustperception.io:9093,job,alertmanager,1594898352000,35
__name__,go_goroutines,instance,demo.robustperception.io:9093,job,alertmanager,1594898366000,35
__name__,go_goroutines,instance,demo.robustperception.io:9093,job,alertmanager,1594898380000,35
__name__,go_goroutines,instance,demo.robustperception.io:9093,job,alertmanager,1594898394000,35
__name__,go_goroutines,instance,demo.robustperception.io:9093,job,alertmanager,1594898408000,35
__name__,go_goroutines,instance,demo.robustperception.io:9093,job,alertmanager,1594898422000,35
__name__,go_goroutines,instance,demo.robustperception.io:9093,job,alertmanager,1594898436000,35
__name__,go_goroutines,instance,demo.robustperception.io:9093,job,alertmanager,1594898450000,35
__name__,go_goroutines,instance,demo.robustperception.io:9093,job,alertmanager,1594898464000,36
__name__,go_goroutines,instance,demo.robustperception.io:9093,job,alertmanager,1594898478000,35
__name__,go_goroutines,instance,demo.robustperception.io:9093,job,alertmanager,1594898492000,35
__name__,go_goroutines,instance,demo.robustperception.io:9093,job,alertmanager,1594898506000,35
__name__,go_goroutines,instance,demo.robustperception.io:9093,job,alertmanager,1594898520000,35
__name__,go_goroutines,instance,demo.robustperception.io:9093,job,alertmanager,1594898534000,35
__name__,go_goroutines,instance,demo.robustperception.io:9093,job,alertmanager,1594898548000,35
__name__,go_goroutines,instance,demo.robustperception.io:9093,job,alertmanager,1594898562000,35
__name__,go_goroutines,instance,demo.robustperception.io:9093,job,alertmanager,1594898576000,36
__name__,go_goroutines,instance,demo.robustperception.io:9093,job,alertmanager,1594898590000,35
__name__,go_goroutines,instance,demo.robustperception.io:9093,job,alertmanager,1594898604000,36
__name__,go_goroutines,instance,demo.robustperception.io:9093,job,alertmanager,1594898618000,35
__name__,go_goroutines,instance,demo.robustperception.io:9093,job,alertmanager,1594898632000,35
__name__,go_goroutines,instance,demo.robustperception.io:9093,job,alertmanager,1594898646000,36
__name__,go_goroutines,instance,demo.robustperception.io:9093,job,alertmanager,1594898660000,35
__name__,go_goroutines,instance,demo.robustperception.io:9093,job,alertmanager,1594898674000,35
__name__,go_goroutines,instance,demo.robustperception.io:9093,job,alertmanager,1594898688000,35
__name__,go_goroutines,instance,demo.robustperception.io:9093,job,alertmanager,1594898702000,35
__name__,go_goroutines,instance,demo.robustperception.io:9093,job,alertmanager,1594898716000,35
__name__,go_goroutines,instance,demo.robustperception.io:9093,job,alertmanager,1594898730000,35
__name__,go_goroutines,instance,demo.robustperception.io:9093,job,alertmanager,1594898744000,35
__name__,go_goroutines,instance,demo.robustperception.io:9093,job,alertmanager,1594898758000,35
__name__,go_goroutines,instance,demo.robustperception.io:9100,job,node,1594895160000,7
__name__,go_goroutines,instance,demo.robustperception.io:9100,job,node,1594895174000,8
__name__,go_goroutines,instance,demo.robustperception.io:9100,job,node,1594895188000,7
__name__,go_goroutines,instance,demo.robustperception.io:9100,job,node,1594895202000,8
__name__,go_goroutines,instance,demo.robustperception.io:9100,job,node,1594895216000,7
__name__,go_goroutines,instance,demo.robustperception.io:9100,job,node,1594895230000,7
__name__,go_goroutines,instance,demo.robustperception.io:9100,job,node,1594895244000,8
__name__,go_goroutines,instance,demo.robustperception.io:9100,job,node,1594895258000,7
__name__,go_goroutines,instance,demo.robustperception.io:9100,job,node,1594895272000,7
__name__,go_goroutines,instance,demo.robustperception.io:9100,job,node,1594895286000,7
__name__,go_goroutines,instance,demo.robustperception.io:9100,job,node,1594895300000,7
__name__,go_goroutines,instance,demo.robustperception.io:9100,job,node,1594895314000,7
__name__,go_goroutines,instance,demo.robustperception.io:9100,job,node,1594895328000,7
__name__,go_goroutines,instance,demo.robustperception.io:9100,job,node,1594895342000,8
__name__,go_goroutines,instance,demo.robustperception.io:9100,job,node,1594895356000,7
__name__,go_goroutines,instance,demo.robustperception.io:9100,job,node,1594895370000,7
__name__,go_goroutines,instance,demo.robustperception.io:9100,job,node,1594895384000,7
__name__,go_goroutines,instance,demo.robustperception.io:9100,job,node,1594895398000,7
__name__,go_goroutines,instance,demo.robustperception.io:9100,job,node,1594895412000,7
__name__,go_goroutines,instance,demo.robustperception.io:9100,job,node,1594895426000,7
__name__,go_goroutines,instance,demo.robustperception.io:9100,job,node,1594895440000,7
__name__,go_goroutines,instance,demo.robustperception.io:9100,job,node,1594895454000,7
__name__,go_goroutines,instance,demo.robustperception.io:9100,job,node,1594895468000,8
__name__,go_goroutines,instance,demo.robustperception.io:9100,job,node,1594895482000,7
__name__,go_goroutines,instance,demo.robustperception.io:9100,job,node,1594895496000,7
__name__,go_goroutines,instance,demo.robustperception.io:9100,job,node,1594895510000,7
__name__,go_goroutines,instance,demo.robustperception.io:9100,job,node,1594895524000,7
__name__,go_goroutines,instance,demo.robustperception.io:9100,job,node,1594895538000,7
__name__,go_goroutines,instance,demo.robustperception.io:9100,job,node,1594895552000,7
__name__,go_goroutines,instance,demo.robustperception.io:9100,job,node,1594895566000,7
__name__,go_goroutines,instance,demo.robustperception.io:9100,job,node,1594895580000,8
__name__,go_goroutines,instance,demo.robustperception.io:9100,job,node,1594895594000,8
__name__,go_goroutines,instance,demo.robustperception.io:9100,job,node,1594895608000,8
__name__,go_goroutines,instance,demo.robustperception.io:9100,job,node,1594895622000,7
__name__,go_goroutines,instance,demo.robustperception.io:9100,job,node,1594895636000,8
__name__,go_goroutines,instance,demo.robustperception.io:9100,job,node,1594895650000,7
__name__,go_goroutines,instance,demo.robustperception.io:9100,job,node,1594895664000,7
__name__,go_goroutines,instance,demo.robustperception.io:9100,job,node,1594895678000,7
__name__,go_goroutines,instance,demo.robustperception.io:9100,job,node,1594895692000,7
__name__,go_goroutines,instance,demo.robustperception.io:9100,job,node,1594895706000,7
__name__,go_goroutines,instance,demo.robustperception.io:9100,job,node,1594895720000,7
__name__,go_goroutines,instance,demo.robustperception.io:9100,job,node,1594895734000,7
__name__,go_goroutines,instance,demo.robustperception.io:9100,job,node,1594895748000,8
__name__,go_goroutines,instance,demo.robustperception.io:9100,job,node,1594895762000,7
__name__,go_goroutines,instance,demo.robustperception.io:9100,job,node,1594895776000,7
__name__,go_goroutines,instance,demo.robustperception.io:9100,job,node,1594895790000,7
__name__,go_goroutines,instance,demo.robustperception.io:9100,job,node,1594895804000,7
__name__,go_goroutines,instance,demo.robustperception.io:9100,job,node,1594895818000,7
__name__,go_goroutines,instance,demo.robustperception.io:9100,job,node,1594895832000,7
__name__,go_goroutines,instance,demo.robustperception.io:9100,job,node,1594895846000,7
__name__,go_goroutines,instance,demo.robustperception.io:9100,job,node,1594895860000,7
__name__,go_goroutines,instance,demo.robustperception.io:9100,job,node,1594895874000,7
__name__,go_goroutines,instance,demo.robustperception.io:9100,job,node,1594895888000,7
__name__,go_goroutines,instance,demo.robustperception.io:9100,job,node,1594895902000,7
__name__,go_goroutines,instance,demo.robustperception.io:9100,job,node,1594895916000,7
__name__,go_goroutines,instance,demo.robustperception.io:9100,job,node,1594895930000,8
__name__,go_goroutines,instance,demo.robustperception.io:9100,job,node,1594895944000,7
__name__,go_goroutines,instance,demo.robustperception.io:9100,job,node,1594895958000,7
__name__,go_goroutines,instance,demo.robustperception.io:9100,job,node,1594895972000,7
__name__,go_goroutines,instance,demo.robustperception.io:9100,job,node,1594895986000,7
__name__,go_goroutines,instance,demo.robustperception.io:9100,job,node,1594896000000,8
__name__,go_goroutines,instance,demo.robustperception.io:9100,job,node,1594896014000,7
__name__,go_goroutines,instance,demo.robustperception.io:9100,job,node,1594896028000,7
__name__,go_goroutines,instance,demo.robustperception.io:9100,job,node,1594896042000,7
__name__,go_goroutines,instance,demo.robustperception.io:9100,job,node,1594896056000,7
__name__,go_goroutines,instance,demo.robustperception.io:9100,job,node,1594896070000,7
__name__,go_goroutines,instance,demo.robustperception.io:9100,job,node,1594896084000,7
__name__,go_goroutines,instance,demo.robustperception.io:9100,job,node,1594896098000,7
__name__,go_goroutines,instance,demo.robustperception.io:9100,job,node,1594896112000,7
__name__,go_goroutines,instance,demo.robustperception.io:9100,job,node,1594896126000,7
__name__,go_goroutines,instance,demo.robustperception.io:9100,job,node,1594896140000,7
__name__,go_goroutines,instance,demo.robustperception.io:9100,job,node,1594896154000,7
__name__,go_goroutines,instance,demo.robustperception.io:9100,job,node,1594896168000,7
__name__,go_goroutines,instance,demo.robustperception.io:9100,job,node,1594896182000,7
__name__,go_goroutines,instance,demo.robustperception.io:9100,job,node,1594896196000,7
__name__,go_goroutines,instance,demo.robustperception.io:9100,job,node,1594896210000,7
__name__,go_goroutines,instance,demo.robustperception.io:9100,job,node,1594896224000,7
__name__,go_goroutines,instance,demo.robustperception.io:9100,job,node,1594896238000,8
__name__,go_goroutines,instance,demo.robustperception.io:9100,job,node,1594896252000,7
__name__,go_goroutines,instance,demo.robustperception.io:9100,job,node,1594896266000,7
__name__,go_goroutines,instance,demo.robustperception.io:9100,job,node,1594896280000,7
__name__,go_goroutines,instance,demo.robustperception.io:9100,job,node,1594896294000,7
__name__,go_goroutines,instance,demo.robustperception.io:9100,job,node,1594896308000,7
__name__,go_goroutines,instance,demo.robustperception.io:9100,job,node,1594896322000,7
__name__,go_goroutines,instance,demo.robustperception.io:9100,job,node,1594896336000,7
__name__,go_goroutines,instance,demo.robustperception.io:9100,job,node,1594896350000,7
__name__,go_goroutines,instance,demo.robustperception.io:9100,job,node,1594896364000,7
__name__,go_goroutines,instance,demo.robustperception.io:9100,job,node,1594896378000,7
__name__,go_goroutines,instance,demo.robustperception.io:9100,job,node,1594896392000,7
__name__,go_goroutines,instance,demo.robustperception.io:9100,job,node,1594896406000,7
__name__,go_goroutines,instance,demo.robustperception.io:9100,job,node,1594896420000,7
__name__,go_goroutines,instance,demo.robustperception.io:9100,job,node,1594896434000,7
__name__,go_goroutines,instance,demo.robustperception.io:9100,job,node,1594896448000,7
__name__,go_goroutines,instance,demo.robustperception.io:9100,job,node,1594896462000,7
__name__,go_goroutines,instance,demo.robustperception.io:9100,job,node,1594896476000,7
__name__,go_goroutines,instance,demo.robustperception.io:9100,job,node,1594896490000,7
__name__,go_goroutines,instance,demo.robustperception.io:9100,job,node,1594896504000,7
__name__,go_goroutines,instance,demo.robustperception.io:9100,job,node,1594896518000,7
__name__,go_goroutines,instance,demo.robustperception.io:9100,job,node,1594896532000,8
__name__,go_goroutines,instance,demo.robustperception.io:9100,job,node,1594896546000,7
__name__,go_goroutines,instance,demo.robustperception.io:9100,job,node,1594896560000,7
__name__,go_goroutines,instance,demo.robustperception.io:9100,job,node,1594896574000,7
__name__,go_goroutines,instance,demo.robustperception.io:9100,job,node,1594896588000,7
__name__,go_goroutines,instance,demo.robustperception.io:9100,job,node,1594896602000,7
__name__,go_goroutines,instance,demo.robustperception.io:9100,job,node,1594896616000,7
__name__,go_goroutines,instance,demo.robustperception.io:9100,job,node,1594896630000,7
__name__,go_goroutines,instance,demo.robustperception.io:9100,job,node,1594896644000,7
__name__,go_goroutines,instance,demo.robustperception.io:9100,job,node,1594896658000,7
__name__,go_goroutines,instance,demo.robustperception.io:9100,job,node,1594896672000,7
__name__,go_goroutines,instance,demo.robustperception.io:9100,job,node,1594896686000,7
__name__,go_goroutines,instance,demo.robustperception.io:9100,job,node,1594896700000,7
__name__,go_goroutines,instance,demo.robustperception.io:9100,job,node,1594896714000,7
__name__,go_goroutines,instance,demo.robustperception.io:9100,job,node,1594896728000,7
__name__,go_goroutines,instance,demo.robustperception.io:9100,job,node,1594896742000,7
__name__,go_goroutines,instance,demo.robustperception.io:9100,job,node,1594896756000,7
__name__,go_goroutines,instance,demo.robustperception.io:9100,job,node,1594896770000,7
__name__,go_goroutines,instance,demo.robustperception.io:9100,job,node,1594896784000,7
__name__,go_goroutines,instance,demo.robustperception.io:9100,job,node,1594896798000,7
__name__,go_goroutines,instance,demo.robustperception.io:9100,job,node,1594896812000,7
__name__,go_goroutines,instance,demo.robustperception.io:9100,job,node,1594896826000,8
__name__,go_goroutines,instance,demo.robustperception.io:9100,job,node,1594896840000,7
__name__,go_goroutines,instance,demo.robustperception.io:9100,job,node,1594896854000,7
__name__,go_goroutines,instance,demo.robustperception.io:9100,job,node,1594896868000,7
__name__,go_goroutines,instance,demo.robustperception.io:9100,job,node,1594896882000,7
__name__,go_goroutines,instance,demo.robustperception.io:9100,job,node,1594896896000,7
__name__,go_goroutines,instance,demo.robustperception.io:9100,job,node,1594896910000,7
__name__,go_goroutines,instance,demo.robustperception.io:9100,job,node,1594896924000,7
__name__,go_goroutines,instance,demo.robustperception.io:9100,job,node,1594896938000,7
__name__,go_goroutines,instance,demo.robustperception.io:9100,job,node,1594896952000,8
__name__,go_goroutines,instance,demo.robustperception.io:9100,job,node,1594896966000,7
__name__,go_goroutines,instance,demo.robustperception.io:9100,job,node,1594896980000,7
__name__,go_goroutines,instance,demo.robustperception.io:9100,job,node,1594896994000,7
__name__,go_goroutines,instance,demo.robustperception.io:9100,job,node,1594897008000,7
__name__,go_goroutines,instance,demo.robustperception.io:9100,job,node,1594897022000,7
__name__,go_goroutines,instance,demo.robustperception.io:9100,job,node,1594897036000,7
__name__,go_goroutines,instance,demo.robustperception.io:9100,job,node,1594897050000,7
__name__,go_goroutines,instance,demo.robustperception.io:9100,job,node,1594897064000,7
__name__,go_goroutines,instance,demo.robustperception.io:9100,job,node,1594897078000,7
__name__,go_goroutines,instance,demo.robustperception.io:9100,job,node,1594897092000,7
__name__,go_goroutines,instance,demo.robustperception.io:9100,job,node,1594897106000,7
__name__,go_goroutines,instance,demo.robustperception.io:9100,job,node,1594897120000,7
__name__,go_goroutines,instance,demo.robustperception.io:9100,job,node,1594897134000,7
__name__,go_goroutines,instance,demo.robustperception.io:9100,job,node,1594897148000,7
__name__,go_goroutines,instance,demo.robustperception.io:9100,job,node,1594897162000,7
__name__,go_goroutines,instance,demo.robustperception.io:9100,job,node,1594897176000,7
__name__,go_goroutines,instance,demo.robustperception.io:9100,job,node,1594897190000,7
__name__,go_goroutines,instance,demo.robustperception.io:9100,job,node,1594897204000,7
__name__,go_goroutines,instance,demo.robustperception.io:9100,job,node,1594897218000,7
__name__,go_goroutines,instance,demo.robustperception.io:9100,job,node,1594897232000,8
__name__,go_goroutines,instance,demo.robustperception.io:9100,job,node,1594897246000,7
__name__,go_goroutines,instance,demo.robustperception.io:9100,job,node,1594897260000,7
__name__,go_goroutines,instance,demo.robustperception.io:9100,job,node,1594897274000,7
__name__,go_goroutines,instance,demo.robustperception.io:9100,job,node,1594897288000,7
__name__,go_goroutines,instance,demo.robustperception.io:9100,job,node,1594897302000,8
__name__,go_goroutines,instance,demo.robustperception.io:9100,job,node,1594897316000,7
__name__,go_goroutines,instance,demo.robustperception.io:9100,job,node,1594897330000,7
__name__,go_goroutines,instance,demo.robustperception.io:9100,job,node,1594897344000,7
__name__,go_goroutines,instance,demo.robustperception.io:9100,job,node,1594897358000,7
__name__,go_goroutines,instance,demo.robustperception.io:9100,job,node,1594897372000,8
__name__,go_goroutines,instance,demo.robustperception.io:9100,job,node,1594897386000,7
__name__,go_goroutines,instance,demo.robustperception.io:9100,job,node,1594897400000,7
__name__,go_goroutines,instance,demo.robustperception.io:9100,job,node,1594897414000,7
__name__,go_goroutines,instance,demo.robustperception.io:9100,job,node,1594897428000,7
__name__,go_goroutines,instance,demo.robustperception.io:9100,job,node,1594897442000,7
__name__,go_goroutines,instance,demo.robustperception.io:9100,job,node,1594897456000,7
__name__,go_goroutines,instance,demo.robustperception.io:9100,job,node,1594897470000,7
__name__,go_goroutines,instance,demo.robustperception.io:9100,job,node,1594897484000,7
__name__,go_goroutines,instance,demo.robustperception.io:9100,job,node,1594897498000,7
__name__,go_goroutines,instance,demo.robustperception.io:9100,job,node,1594897512000,7
__name__,go_goroutines,instance,demo.robustperception.io:9100,job,node,1594897526000,7
__name__,go_goroutines,instance,demo.robustperception.io:9100,job,node,1594897540000,7
__name__,go_goroutines,instance,demo.robustperception.io:9100,job,node,1594897554000,7
__name__,go_goroutines,instance,demo.robustperception.io:9100,job,node,1594897568000,7
__name__,go_goroutines,instance,demo.robustperception.io:9100,job,node,1594897582000,7
__name__,go_goroutines,instance,demo.robustperception.io:9100,job,node,1594897596000,7
__name__,go_goroutines,instance,demo.robustperception.io:9100,job,node,1594897610000,7
__name__,go_goroutines,instance,demo.robustperception.io:9100,job,node,1594897624000,7
__name__,go_goroutines,instance,demo.robustperception.io:9100,job,node,1594897638000,7
__name__,go_goroutines,instance,demo.robustperception.io:9100,job,node,1594897652000,7
__name__,go_goroutines,instance,demo.robustperception.io:9100,job,node,1594897666000,7
__name__,go_goroutines,instance,demo.robustperception.io:9100,job,node,1594897680000,7
__name__,go_goroutines,instance,demo.robustperception.io:9100,job,node,1594897694000,7
__name__,go_goroutines,instance,demo.robustperception.io:9100,job,node,1594897708000,7
__name__,go_goroutines,instance,demo.robustperception.io:9100,job,node,1594897722000,7
__name__,go_goroutines,instance,demo.robustperception.io:9100,job,node,1594897736000,7
__name__,go_goroutines,instance,demo.robustperception.io:9100,job,node,1594897750000,7
__name__,go_goroutines,instance,demo.robustperception.io:9100,job,node,1594897764000,7
__name__,go_goroutines,instance,demo.robustperception.io:9100,job,node,1594897778000,7
__name__,go_goroutines,instance,demo.robustperception.io:9100,job,node,1594897792000,7
__name__,go_goroutines,instance,demo.robustperception.io:9100,job,node,1594897806000,7
__name__,go_goroutines,instance,demo.robustperception.io:9100,job,node,1594897820000,7
__name__,go_goroutines,instance,demo.robustperception.io:9100,job,node,1594897834000,7
__name__,go_goroutines,instance,demo.robustperception.io:9100,job,node,1594897848000,8
__name__,go_goroutines,instance,demo.robustperception.io:9100,job,node,1594897862000,7
__name__,go_goroutines,instance,demo.robustperception.io:9100,job,node,1594897876000,7
__name__,go_goroutines,instance,demo.robustperception.io:9100,job,node,1594897890000,7
__name__,go_goroutines,instance,demo.robustperception.io:9100,job,node,1594897904000,8
__name__,go_goroutines,instance,demo.robustperception.io:9100,job,node,1594897918000,7
__name__,go_goroutines,instance,demo.robustperception.io:9100,job,node,1594897932000,7
__name__,go_goroutines,instance,demo.robustperception.io:9100,job,node,1594897946000,7
__name__,go_goroutines,instance,demo.robustperception.io:9100,job,node,1594897960000,8
__name__,go_goroutines,instance,demo.robustperception.io:9100,job,node,1594897974000,7
__name__,go_goroutines,instance,demo.robustperception.io:9100,job,node,1594897988000,8
__name__,go_goroutines,instance,demo.robustperception.io:9100,job,node,1594898002000,7
__name__,go_goroutines,instance,demo.robustperception.io:9100,job,node,1594898016000,8
__name__,go_goroutines,instance,demo.robustperception.io:9100,job,node,1594898030000,7
__name__,go_goroutines,instance,demo.robustperception.io:9100,job,node,1594898044000,7
__name__,go_goroutines,instance,demo.robustperception.io:9100,job,node,1594898058000,7
__name__,go_goroutines,instance,demo.robustperception.io:9100,job,node,1594898072000,8
__name__,go_goroutines,instance,demo.robustperception.io:9100,job,node,1594898086000,7
__name__,go_goroutines,instance,demo.robustperception.io:9100,job,node,1594898100000,7
__name__,go_goroutines,instance,demo.robustperception.io:9100,job,node,1594898114000,8
__name__,go_goroutines,instance,demo.robustperception.io:9100,job,node,1594898128000,7
__name__,go_goroutines,instance,demo.robustperception.io:9100,job,node,1594898142000,7
__name__,go_goroutines,instance,demo.robustperception.io:9100,job,node,1594898156000,7
__name__,go_goroutines,instance,demo.robustperception.io:9100,job,node,1594898170000,7
__name__,go_goroutines,instance,demo.robustperception.io:9100,job,node,1594898184000,8
__name__,go_goroutines,instance,demo.robustperception.io:9100,job,node,1594898198000,7
__name__,go_goroutines,instance,demo.robustperception.io:9100,job,node,1594898212000,7
__name__,go_goroutines,instance,demo.robustperception.io:9100,job,node,1594898226000,7
__name__,go_goroutines,instance,demo.robustperception.io:9100,job,node,1594898240000,7
__name__,go_goroutines,instance,demo.robustperception.io:9100,job,node,1594898254000,7
__name__,go_goroutines,instance,demo.robustperception.io:9100,job,node,1594898268000,7
__name__,go_goroutines,instance,demo.robustperception.io:9100,job,node,1594898282000,7
__name__,go_goroutines,instance,demo.robustperception.io:9100,job,node,1594898296000,7
__name__,go_goroutines,instance,demo.robustperception.io:9100,job,node,1594898310000,7
__name__,go_goroutines,instance,demo.robustperception.io:9100,job,node,1594898324000,7
__name__,go_goroutines,instance,demo.robustperception.io:9100,job,node,1594898338000,7
__name__,go_goroutines,instance,demo.robustperception.io:9100,job,node,1594898352000,7
__name__,go_goroutines,instance,demo.robustperception.io:9100,job,node,1594898366000,7
__name__,go_goroutines,instance,demo.robustperception.io:9100,job,node,1594898380000,7
__name__,go_goroutines,instance,demo.robustperception.io:9100,job,node,1594898394000,7
__name__,go_goroutines,instance,demo.robustperception.io:9100,job,node,1594898408000,8
__name__,go_goroutines,instance,demo.robustperception.io:9100,job,node,1594898422000,7
__name__,go_goroutines,instance,demo.robustperception.io:9100,job,node,1594898436000,7
__name__,go_goroutines,instance,demo.robustperception.io:9100,job,node,1594898450000,7
__name__,go_goroutines,instance,demo.robustperception.io:9100,job,node,1594898464000,7
__name__,go_goroutines,instance,demo.robustperception.io:9100,job,node,1594898478000,7
__name__,go_goroutines,instance,demo.robustperception.io:9100,job,node,1594898492000,7
__name__,go_goroutines,instance,demo.robustperception.io:9100,job,node,1594898506000,7
__name__,go_goroutines,instance,demo.robustperception.io:9100,job,node,1594898520000,7
__name__,go_goroutines,instance,demo.robustperception.io:9100,job,node,1594898534000,7
__name__,go_goroutines,instance,demo.robustperception.io:9100,job,node,1594898548000,7
__name__,go_goroutines,instance,demo.robustperception.io:9100,job,node,1594898562000,7
__name__,go_goroutines,instance,demo.robustperception.io:9100,job,node,1594898576000,8
__name__,go_goroutines,instance,demo.robustperception.io:9100,job,node,1594898590000,7
__name__,go_goroutines,instance,demo.robustperception.io:9100,job,node,1594898604000,7
__name__,go_goroutines,instance,demo.robustperception.io:9100,job,node,1594898618000,7
__name__,go_goroutines,instance,demo.robustperception.io:9100,job,node,1594898632000,8
__name__,go_goroutines,instance,demo.robustperception.io:9100,job,node,1594898646000,8
__name__,go_goroutines,instance,demo.robustperception.io:9100,job,node,1594898660000,7
__name__,go_goroutines,instance,demo.robustperception.io:9100,job,node,1594898674000,7
__name__,go_goroutines,instance,demo.robustperception.io:9100,job,node,1594898688000,7
__name__,go_goroutines,instance,demo.robustperception.io:9100,job,node,1594898702000,7
__name__,go_goroutines,instance,demo.robustperception.io:9100,job,node,1594898716000,7
__name__,go_goroutines,instance,demo.robustperception.io:9100,job,node,1594898730000,7
__name__,go_goroutines,instance,demo.robustperception.io:9100,job,node,1594898744000,7
__name__,go_goroutines,instance,demo.robustperception.io:9100,job,node,1594898758000,7
